show,season,episode,characters_lines,characters_words
The Office,1,01,"{'Michael': 97, 'Jim': 37, 'Pam': 46, 'Dwight': 33, 'Jan': 12, 'Michel': 1, 'Phyllis': 2, 'Stanley': 5, 'Oscar': 6, 'Angela': 5, 'Kevin': 2, 'Ryan': 10, 'Man': 1, 'Roy': 5}","{'Michael': 1922, 'Jim': 382, 'Pam': 301, 'Dwight': 401, 'Jan': 139, 'Michel': 1, 'Phyllis': 7, 'Stanley': 33, 'Oscar': 115, 'Angela': 97, 'Kevin': 27, 'Ryan': 62, 'Man': 5, 'Roy': 32}"
The Office,1,02,"{'Michael': 90, 'Jim': 33, 'Dwight': 40, 'Pam': 26, 'Oscar': 3, 'Kevin': 7, 'Toby': 2, 'Stanley': 5, 'Ryan': 7, 'Angela': 4, 'Kelly': 1}","{'Michael': 2147, 'Jim': 370, 'Dwight': 360, 'Pam': 156, 'Oscar': 6, 'Kevin': 67, 'Toby': 16, 'Stanley': 23, 'Ryan': 85, 'Angela': 4, 'Kelly': 6}"
The Office,1,03,"{'Michael': 69, 'Pam': 44, 'Jan': 18, 'Jim': 57, 'Dwight': 88, 'Stanley': 6, 'Oscar': 16, 'Kevin': 6, 'Angela': 5, 'Meredith': 3, 'Ryan': 1}","{'Michael': 1531, 'Pam': 270, 'Jan': 142, 'Jim': 495, 'Dwight': 1092, 'Stanley': 43, 'Oscar': 86, 'Kevin': 34, 'Angela': 26, 'Meredith': 35, 'Ryan': 11}"
The Office,1,04,"{'Dwight': 74, 'Michael': 111, 'Stanley': 2, 'Pam': 37, 'Phyllis': 5, 'Angela': 9, 'Jim': 63, 'Kevin': 3, 'Toby': 7, 'Oscar': 20, 'Ryan': 5, 'Everybody': 6, 'Meredith': 15, 'Roy': 3}","{'Dwight': 714, 'Michael': 2122, 'Stanley': 9, 'Pam': 286, 'Phyllis': 41, 'Angela': 50, 'Jim': 743, 'Kevin': 6, 'Toby': 34, 'Oscar': 126, 'Ryan': 13, 'Everybody': 22, 'Meredith': 114, 'Roy': 28}"
The Office,1,05,"{'Michael': 132, 'Dwight': 44, 'Jim': 27, 'Phyllis': 4, 'Pam': 17, 'Ryan': 8, 'Lonny': 5, 'Darryl': 17, 'Everybody': 2, 'Stanley': 6, 'Oscar': 2, 'Kevin': 4, 'Angela': 6, 'Roy': 13, 'Teammates': 1, 'Madge': 3, 'Worker': 5, 'Packer': 1}","{'Michael': 2143, 'Dwight': 300, 'Jim': 243, 'Phyllis': 27, 'Pam': 183, 'Ryan': 34, 'Lonny': 37, 'Darryl': 110, 'Everybody': 2, 'Stanley': 22, 'Oscar': 16, 'Kevin': 21, 'Angela': 40, 'Roy': 73, 'Teammates': 1, 'Madge': 13, 'Worker': 26, 'Packer': 2}"
The Office,1,06,"{'Jan': 8, 'Michael': 128, 'Dwight': 44, 'Pam': 49, 'Katy': 73, 'Kevin': 7, 'Ryan': 21, 'Oscar': 1, 'Toby': 14, 'Roy': 14, 'Jim': 66, 'Stanley': 3, 'Angela': 3, 'Kelly': 2}","{'Jan': 71, 'Michael': 1855, 'Dwight': 519, 'Pam': 224, 'Katy': 380, 'Kevin': 38, 'Ryan': 110, 'Oscar': 4, 'Toby': 41, 'Roy': 90, 'Jim': 607, 'Stanley': 22, 'Angela': 18, 'Kelly': 10}"
The Office,2,01,"{'Michael': 138, 'Jim': 42, 'Pam': 48, 'Dwight': 74, 'Stanley': 8, 'Oscar': 4, 'Kelly': 9, 'Phyllis': 23, 'Jan': 9, 'Roy': 7, 'Kevin': 4, 'Darryl': 1, 'Ryan': 2, 'Angela': 4, 'Everybody': 1, 'Employee': 1, 'Toby': 6, 'Waitress': 3, 'Manager': 10}","{'Michael': 2079, 'Jim': 305, 'Pam': 365, 'Dwight': 703, 'Stanley': 86, 'Oscar': 71, 'Kelly': 72, 'Phyllis': 114, 'Jan': 103, 'Roy': 43, 'Kevin': 37, 'Darryl': 6, 'Ryan': 27, 'Angela': 53, 'Everybody': 2, 'Employee': 16, 'Toby': 62, 'Waitress': 14, 'Manager': 54}"
The Office,2,02,"{'Michael': 111, 'Jim': 22, 'Dwight': 12, 'Ryan': 1, 'Pam': 41, 'Toby': 26, 'Darryl': 5, 'Roy': 10, 'Kevin': 9, 'Angela': 4, 'Stanley': 1, 'Meredith': 1, 'Phyllis': 6, 'Video': 1, 'Jan': 11, 'Albiny': 2, 'Oscar': 1}","{'Michael': 1759, 'Jim': 210, 'Dwight': 109, 'Ryan': 6, 'Pam': 309, 'Toby': 252, 'Darryl': 64, 'Roy': 63, 'Kevin': 37, 'Angela': 33, 'Stanley': 17, 'Meredith': 5, 'Phyllis': 37, 'Video': 0, 'Jan': 95, 'Albiny': 24, 'Oscar': 3}"
The Office,2,03,"{'Michael': 120, 'Ryan': 5, 'Dwight': 87, 'Jim': 72, 'Pam': 45, 'Kevin': 13, 'Oscar': 13, 'Angela': 8, 'Carol': 18, 'Bill': 2, 'Stanley': 3, 'Phyllis': 4, 'Meredith': 1, 'Everyone': 1, 'Crowd': 1, 'Man': 6, 'Toby': 4}","{'Michael': 1536, 'Ryan': 90, 'Dwight': 801, 'Jim': 579, 'Pam': 266, 'Kevin': 47, 'Oscar': 92, 'Angela': 73, 'Carol': 116, 'Bill': 17, 'Stanley': 27, 'Phyllis': 14, 'Meredith': 1, 'Everyone': 1, 'Crowd': 3, 'Man': 21, 'Toby': 41}"
The Office,2,04,"{'Pam': 28, 'Jim': 64, 'Michael': 70, 'Ryan': 49, 'Dwight': 70, 'Oscar': 4, 'Angela': 18, 'Phyllis': 6, 'Kelly': 4, 'Stanley': 7, 'Meredith': 4, 'Kevin': 9, 'song': 1, 'Song': 6, 'Roy': 6, 'Katy': 11, 'Toby': 2}","{'Pam': 229, 'Jim': 576, 'Michael': 1079, 'Ryan': 291, 'Dwight': 738, 'Oscar': 17, 'Angela': 91, 'Phyllis': 21, 'Kelly': 13, 'Stanley': 59, 'Meredith': 28, 'Kevin': 58, 'song': 8, 'Song': 10, 'Roy': 58, 'Katy': 49, 'Toby': 36}"
The Office,2,05,"{'Michael': 150, 'Pam': 27, 'Sherri': 11, 'Dwight': 36, 'Jim': 31, 'Phyllis': 5, 'Oscar': 7, 'Angela': 14, 'Kevin': 2, 'Kelly': 3, 'Stanley': 5, 'Ryan': 1, 'Creed': 27, 'Devon': 8, 'Children': 1, 'Kid': 3, 'Toby': 7, 'Jan': 10}","{'Michael': 1855, 'Pam': 196, 'Sherri': 58, 'Dwight': 489, 'Jim': 419, 'Phyllis': 10, 'Oscar': 14, 'Angela': 76, 'Kevin': 3, 'Kelly': 30, 'Stanley': 27, 'Ryan': 11, 'Creed': 237, 'Devon': 82, 'Children': 3, 'Kid': 10, 'Toby': 58, 'Jan': 69}"
The Office,2,06,"{'Dwight': 68, 'Jim': 49, 'Stanley': 9, 'Pam': 27, 'Michael': 94, 'Ryan': 18, 'Kevin': 4, 'Toby': 3, 'Angela': 6, 'Kelly': 4, 'Ira': 9, 'Master': 9, 'Oscar': 2, 'Meredith': 1, 'Alyssa': 1}","{'Dwight': 601, 'Jim': 414, 'Stanley': 53, 'Pam': 267, 'Michael': 1274, 'Ryan': 62, 'Kevin': 10, 'Toby': 21, 'Angela': 38, 'Kelly': 15, 'Ira': 59, 'Master': 60, 'Oscar': 16, 'Meredith': 8, 'Alyssa': 4}"
The Office,2,07,"{'Ryan': 8, 'Jim': 52, 'Pam': 40, 'Jan': 55, 'Michael': 85, 'Oscar': 5, 'Toby': 1, 'Kelly': 1, 'Dwight': 23, 'Christian': 19, 'Hostess': 1, 'Everyone': 1, 'Phyllis': 5, 'Roy': 1, 'Kevin': 2, 'Stanley': 1, 'Angela': 1}","{'Ryan': 49, 'Jim': 611, 'Pam': 321, 'Jan': 377, 'Michael': 1223, 'Oscar': 52, 'Toby': 3, 'Kelly': 8, 'Dwight': 218, 'Christian': 167, 'Hostess': 3, 'Everyone': 2, 'Phyllis': 27, 'Roy': 3, 'Kevin': 11, 'Stanley': 11, 'Angela': 11}"
The Office,2,08,"{'Dwight': 50, 'Jim': 48, 'Michael': 123, 'Pam': 35, 'Stanley': 5, 'Angela': 2, 'Jan': 60, 'Kevin': 4, 'Oscar': 5, 'Ryan': 14, 'Kelly': 1}","{'Dwight': 595, 'Jim': 361, 'Michael': 1513, 'Pam': 259, 'Stanley': 51, 'Angela': 50, 'Jan': 611, 'Kevin': 19, 'Oscar': 74, 'Ryan': 93, 'Kelly': 9}"
The Office,2,09,"{'Michael': 126, 'Jim': 51, 'Kevin': 12, 'Dwight': 37, 'Oscar': 6, 'Stanley': 4, 'Angela': 14, 'Pam': 47, 'Mark': 2, 'Ryan': 6, 'Mary-Beth': 17, 'Actor': 1, 'Actress': 1, 'Bill': 6, 'Kelly': 2, 'Phyllis': 7, 'Toby': 1, 'Roy': 7}","{'Michael': 1669, 'Jim': 555, 'Kevin': 102, 'Dwight': 363, 'Oscar': 48, 'Stanley': 25, 'Angela': 54, 'Pam': 322, 'Mark': 10, 'Ryan': 30, 'Mary-Beth': 125, 'Actor': 6, 'Actress': 1, 'Bill': 74, 'Kelly': 22, 'Phyllis': 71, 'Toby': 17, 'Roy': 76}"
The Office,2,10,"{'Dwight': 51, 'Michael': 94, 'Kevin': 14, 'Jim': 27, 'Angela': 10, 'Phyllis': 8, 'Ryan': 18, 'Pam': 22, 'Darryl': 12, 'Toby': 7, 'Oscar': 20, 'Stanley': 5, 'All': 1, 'Kelly': 13, 'Creed': 9, 'Meredith': 12, 'JIm': 1, 'Roy': 8}","{'Dwight': 496, 'Michael': 1383, 'Kevin': 150, 'Jim': 371, 'Angela': 61, 'Phyllis': 60, 'Ryan': 140, 'Pam': 188, 'Darryl': 61, 'Toby': 65, 'Oscar': 169, 'Stanley': 31, 'All': 3, 'Kelly': 97, 'Creed': 41, 'Meredith': 63, 'JIm': 1, 'Roy': 77}"
The Office,2,11,"{'Jim': 32, 'Dwight': 28, 'Pam': 22, 'Michael': 116, 'Phyllis': 8, 'Stanley': 10, 'Meredith': 3, 'Ryan': 6, 'Kelly': 7, 'Oscar': 4, 'Darryl': 5, 'Katy': 14, 'Roy': 16, 'Brenda': 7, 'Angela': 2, 'Jan': 17, 'Toby': 3, 'Creed': 6}","{'Jim': 262, 'Dwight': 366, 'Pam': 155, 'Michael': 1653, 'Phyllis': 35, 'Stanley': 41, 'Meredith': 4, 'Ryan': 46, 'Kelly': 45, 'Oscar': 34, 'Darryl': 28, 'Katy': 98, 'Roy': 184, 'Brenda': 38, 'Angela': 12, 'Jan': 108, 'Toby': 13, 'Creed': 85}"
The Office,2,12,"{'Oscar': 4, 'Jim': 61, 'Pam': 57, 'Michael': 131, 'Phyllis': 3, 'Kevin': 1, 'Dwight': 67, 'Ryan': 16, 'Angela': 6, 'Toby': 13, 'Creed': 1, 'Stanley': 2, 'Meredith': 1, 'Doctor': 5}","{'Oscar': 28, 'Jim': 396, 'Pam': 329, 'Michael': 1574, 'Phyllis': 21, 'Kevin': 3, 'Dwight': 354, 'Ryan': 121, 'Angela': 35, 'Toby': 105, 'Creed': 11, 'Stanley': 9, 'Meredith': 5, 'Doctor': 42}"
The Office,2,13,"{'Jim': 53, 'Pam': 28, 'Michael': 114, 'Stanley': 3, 'Ryan': 14, 'Kevin': 8, 'Dwight': 54, 'Angela': 5, 'Oscar': 9, 'Kelly': 5, 'Dana': 9, 'Toby': 3, 'Phylis': 1, 'Creed': 3, 'Gil': 2}","{'Jim': 472, 'Pam': 202, 'Michael': 1271, 'Stanley': 7, 'Ryan': 80, 'Kevin': 50, 'Dwight': 701, 'Angela': 20, 'Oscar': 53, 'Kelly': 51, 'Dana': 43, 'Toby': 27, 'Phylis': 8, 'Creed': 24, 'Gil': 3}"
The Office,2,14,"{'Ryan': 13, 'Jim': 36, 'Michael': 126, 'Pam': 28, 'Kevin': 8, 'Toby': 8, 'Creed': 9, 'Dwight': 47, 'Kelly': 13, 'Stanley': 8, 'Oscar': 5, 'Roy': 8, 'Angela': 4, 'Phyllis': 2, 'Darryl': 5, 'Ed': 9, 'Packer': 7, 'Todd': 1}","{'Ryan': 108, 'Jim': 311, 'Michael': 1669, 'Pam': 321, 'Kevin': 51, 'Toby': 28, 'Creed': 48, 'Dwight': 407, 'Kelly': 289, 'Stanley': 55, 'Oscar': 40, 'Roy': 43, 'Angela': 30, 'Phyllis': 13, 'Darryl': 24, 'Ed': 65, 'Packer': 25, 'Todd': 10}"
The Office,2,15,"{'Jan': 55, 'Pam': 34, 'Michael': 100, 'Dwight': 20, 'Jim': 26, 'Darryl': 29, 'Roy': 25, 'Kevin': 4, 'Meredith': 5, 'Phyllis': 9, 'Angela': 5, 'Kelly': 9, 'Women': 1, 'Ryan': 2, 'Lonny': 3, 'Madge': 2, 'Guy': 4, 'Men': 1, 'Stanley': 1}","{'Jan': 685, 'Pam': 380, 'Michael': 1243, 'Dwight': 293, 'Jim': 118, 'Darryl': 248, 'Roy': 184, 'Kevin': 34, 'Meredith': 33, 'Phyllis': 61, 'Angela': 69, 'Kelly': 117, 'Women': 0, 'Ryan': 22, 'Lonny': 37, 'Madge': 9, 'Guy': 14, 'Men': 0, 'Stanley': 9}"
The Office,2,16,"{'Pam': 30, 'Meredith': 3, 'Phyllis': 5, 'Michael': 53, 'Dwight': 29, 'Oscar': 5, 'Jim': 25, 'Kelly': 13, 'Ryan': 4, 'Kevin': 8, 'Angela': 4, 'Craig': 12, 'Josh': 11, 'Jan': 16, 'David': 12, 'Dan': 1, 'Roy': 5, 'Creed': 3, 'Receptionist': 2, 'Devon': 1}","{'Pam': 246, 'Meredith': 12, 'Phyllis': 17, 'Michael': 1309, 'Dwight': 283, 'Oscar': 29, 'Jim': 264, 'Kelly': 208, 'Ryan': 21, 'Kevin': 60, 'Angela': 29, 'Craig': 126, 'Josh': 76, 'Jan': 198, 'David': 111, 'Dan': 7, 'Roy': 34, 'Creed': 14, 'Receptionist': 19, 'Devon': 17}"
The Office,2,17,"{'Michael': 75, 'Dwight': 64, 'Jim': 36, 'Creed': 4, 'Ryan': 14, 'Pam': 24, 'Phyllis': 8, 'Oscar': 3, 'Stanley': 6, 'Kelly': 5, 'Angela': 4, 'Kevin': 4, 'Toby': 4, 'Overhead': 1, 'Speaker': 2, 'Crowd': 8, 'Meredith': 1}","{'Michael': 1526, 'Dwight': 749, 'Jim': 442, 'Creed': 30, 'Ryan': 130, 'Pam': 253, 'Phyllis': 83, 'Oscar': 58, 'Stanley': 36, 'Kelly': 53, 'Angela': 41, 'Kevin': 28, 'Toby': 22, 'Overhead': 5, 'Speaker': 18, 'Crowd': 4, 'Meredith': 6}"
The Office,2,18,"{'Pam': 26, 'Jim': 24, 'Michael': 81, 'Dwight': 27, 'Toby': 13, 'Kevin': 7, 'Stanley': 9, 'Melissa': 17, 'Meredith': 2, 'Angela': 10, 'Kelly': 8, 'Sasha': 8, 'Ryan': 12, 'Abby': 19, 'Jake': 27, 'Creed': 5, 'Kids': 2, 'Chet': 2, 'Oscar': 4, 'Darryl': 5, 'Roy': 3, 'Phyllis': 1}","{'Pam': 225, 'Jim': 223, 'Michael': 1204, 'Dwight': 338, 'Toby': 76, 'Kevin': 73, 'Stanley': 133, 'Melissa': 130, 'Meredith': 39, 'Angela': 107, 'Kelly': 72, 'Sasha': 32, 'Ryan': 70, 'Abby': 89, 'Jake': 129, 'Creed': 24, 'Kids': 3, 'Chet': 9, 'Oscar': 24, 'Darryl': 39, 'Roy': 22, 'Phyllis': 3}"
The Office,2,19,"{'Michael': 99, 'Oscar': 7, 'Ryan': 10, 'Toby': 8, 'Jim': 23, 'Pam': 26, 'Meredith': 1, 'Kevin': 15, 'Dwight': 46, 'Phyllis': 2, 'Angela': 13, 'Jan': 5, 'Stanley': 3, 'Kelly': 4, 'Carol': 4}","{'Michael': 1366, 'Oscar': 31, 'Ryan': 73, 'Toby': 62, 'Jim': 201, 'Pam': 179, 'Meredith': 5, 'Kevin': 93, 'Dwight': 472, 'Phyllis': 16, 'Angela': 93, 'Jan': 24, 'Stanley': 18, 'Kelly': 51, 'Carol': 22}"
The Office,2,20,"{'Dwight': 92, 'Jim': 26, 'Kevin': 7, 'Pam': 25, 'Kelly': 9, 'Ryan': 7, 'Michael': 62, 'Oscar': 8, 'Phyllis': 7, 'Creed': 2, 'Stanley': 9, 'Pam/Jim': 1, 'Angela': 8, 'Toby': 9, 'Linda': 5, 'Hank': 5, 'Meredith': 2, 'Jan': 1, 'Man': 1, 'Sheriff': 8}","{'Dwight': 1052, 'Jim': 221, 'Kevin': 19, 'Pam': 348, 'Kelly': 184, 'Ryan': 49, 'Michael': 1177, 'Oscar': 60, 'Phyllis': 27, 'Creed': 17, 'Stanley': 50, 'Pam/Jim': 7, 'Angela': 48, 'Toby': 96, 'Linda': 32, 'Hank': 32, 'Meredith': 74, 'Jan': 16, 'Man': 5, 'Sheriff': 74}"
The Office,2,21,"{'Kevin': 5, 'Pam': 26, 'Jim': 37, 'Phyllis': 15, 'Angela': 12, 'Michael': 95, 'Dwight': 50, 'Ryan': 5, 'Oscar': 9, 'Toby': 22, 'Photographer': 14, 'Creed': 3, 'Kelly': 2, 'Anglea': 1, 'Stanley': 4, 'Meredith': 1}","{'Kevin': 26, 'Pam': 230, 'Jim': 397, 'Phyllis': 106, 'Angela': 102, 'Michael': 1583, 'Dwight': 510, 'Ryan': 19, 'Oscar': 109, 'Toby': 232, 'Photographer': 75, 'Creed': 41, 'Kelly': 18, 'Anglea': 4, 'Stanley': 15, 'Meredith': 1}"
The Office,2,22,"{'Michael': 112, 'Jim': 53, 'Dwight': 40, 'Pam': 46, 'Roy': 11, 'Jan': 40, 'Oscar': 5, 'Angela': 5, 'Creed': 4, 'Kevin': 16, 'Kelly': 1, 'Toby': 5, 'Phyllis': 8, 'Darryl': 11, 'Carol': 30, 'Billy': 4, 'Stanley': 3, 'Dealer': 5, 'Meredith': 3, 'Ryan': 1, 'Bob': 2}","{'Michael': 1347, 'Jim': 436, 'Dwight': 380, 'Pam': 398, 'Roy': 83, 'Jan': 269, 'Oscar': 33, 'Angela': 44, 'Creed': 64, 'Kevin': 120, 'Kelly': 29, 'Toby': 76, 'Phyllis': 42, 'Darryl': 91, 'Carol': 138, 'Billy': 29, 'Stanley': 15, 'Dealer': 39, 'Meredith': 22, 'Ryan': 19, 'Bob': 23}"
The Office,3,01,"{'Ryan': 1, 'Jim': 13, 'Pam': 12, 'Dwight': 18, 'Michael': 62, 'Toby': 10, 'Oscar': 17, 'Angela': 4, 'Andy': 8, 'Josh': 1, 'Karen': 1, 'Roy': 4, 'Stanley': 1, 'Kelly': 1, 'Jan': 12, 'Phyllis': 3, 'Meredith': 2}","{'Ryan': 49, 'Jim': 152, 'Pam': 112, 'Dwight': 154, 'Michael': 1149, 'Toby': 108, 'Oscar': 226, 'Angela': 42, 'Andy': 156, 'Josh': 47, 'Karen': 25, 'Roy': 56, 'Stanley': 45, 'Kelly': 11, 'Jan': 135, 'Phyllis': 32, 'Meredith': 9}"
The Office,3,02,"{'Michael': 117, 'Pam': 29, 'Ryan': 8, 'Angela': 10, 'Dwight': 40, 'Kelly': 8, 'Creed': 2, 'Meredith': 1, 'Josh': 27, 'Jim': 32, 'Kevin': 3, 'Toby': 6, 'Jan': 15, 'Ted': 1, 'Waiter': 1, 'Phyllis': 2, 'Stanley': 1, 'Evan': 6, 'Alan': 8, 'Guy': 2}","{'Michael': 1400, 'Pam': 197, 'Ryan': 31, 'Angela': 96, 'Dwight': 222, 'Kelly': 106, 'Creed': 27, 'Meredith': 6, 'Josh': 230, 'Jim': 276, 'Kevin': 19, 'Toby': 33, 'Jan': 100, 'Ted': 4, 'Waiter': 6, 'Phyllis': 23, 'Stanley': 11, 'Evan': 41, 'Alan': 74, 'Guy': 12}"
The Office,3,03,"{'Michael': 82, 'Dwight': 77, 'Pam': 20, 'Kevin': 5, 'Jan': 28, 'Angela': 13, 'Jim': 17, 'Kelly': 8, 'Andy': 10, 'Karen': 8, 'Phyllis': 5, 'Roy': 2, 'Josh': 8, 'Stanley': 3, 'Creed': 3, 'Ryan': 1}","{'Michael': 781, 'Dwight': 669, 'Pam': 222, 'Kevin': 36, 'Jan': 200, 'Angela': 118, 'Jim': 173, 'Kelly': 64, 'Andy': 57, 'Karen': 35, 'Phyllis': 14, 'Roy': 4, 'Josh': 65, 'Stanley': 16, 'Creed': 43, 'Ryan': 10}"
The Office,3,04,"{'Michael': 106, 'Ryan': 7, 'Dwight': 40, 'Pam': 34, 'Jan': 17, 'Kelly': 5, 'Phyllis': 3, 'Josh': 3, 'Karen': 15, 'Jim': 17, 'Andy': 4, 'Creed': 6, 'Angela': 7, 'Stanley': 6, 'Roy': 15, 'Kevin': 9, 'Toby': 10, 'Meredith': 1, 'Hannah': 2, 'Man': 1}","{'Michael': 1640, 'Ryan': 150, 'Dwight': 459, 'Pam': 456, 'Jan': 144, 'Kelly': 45, 'Phyllis': 16, 'Josh': 27, 'Karen': 102, 'Jim': 191, 'Andy': 31, 'Creed': 53, 'Angela': 40, 'Stanley': 29, 'Roy': 116, 'Kevin': 88, 'Toby': 146, 'Meredith': 8, 'Hannah': 13, 'Man': 9}"
The Office,3,05,"{'Dwight': 56, 'Ryan': 43, 'Jan': 11, 'Michael': 42, 'Pam': 54, 'Karen': 13, 'Jim': 47, 'Andy': 8, 'Announcer': 1, 'Stanley': 9, 'Kelly': 6, 'Phyllis': 2, 'Bob': 2, 'Angela': 4, 'Kevin': 4, 'Toby': 1}","{'Dwight': 816, 'Ryan': 495, 'Jan': 83, 'Michael': 530, 'Pam': 388, 'Karen': 98, 'Jim': 316, 'Andy': 80, 'Announcer': 25, 'Stanley': 98, 'Kelly': 57, 'Phyllis': 10, 'Bob': 9, 'Angela': 20, 'Kevin': 11, 'Toby': 1}"
The Office,3,06,"{'Kelly': 20, 'Michael': 77, 'Pam': 26, 'Phyllis': 2, 'Meredith': 2, 'Dwight': 8, 'Kevin': 9, 'Roy': 1, 'Angela': 10, 'Stanley': 1, 'Jim': 20, 'Karen': 15, 'Tony': 2, 'Andy': 18, 'Creed': 1, 'Toby': 2, 'Josh': 2, 'Carol': 19, 'Server': 1, 'Ryan': 12, 'Girls': 1, 'Overhead': 1, 'Crowd': 2, 'Jan': 12}","{'Kelly': 195, 'Michael': 1205, 'Pam': 164, 'Phyllis': 23, 'Meredith': 21, 'Dwight': 74, 'Kevin': 102, 'Roy': 7, 'Angela': 94, 'Stanley': 4, 'Jim': 135, 'Karen': 61, 'Tony': 23, 'Andy': 170, 'Creed': 8, 'Toby': 12, 'Josh': 28, 'Carol': 108, 'Server': 3, 'Ryan': 59, 'Girls': 3, 'Overhead': 39, 'Crowd': 1, 'Jan': 97}"
The Office,3,07,"{'Karen': 9, 'Jim': 21, 'Dwight': 38, 'Michael': 67, 'Jan': 32, 'Andy': 5, 'Pam': 22, 'Toby': 3, 'Angela': 7, 'Ryan': 7, 'Kelly': 2, 'Stanley': 1, 'Roy': 4, 'Kevin': 12, 'Darryl': 4, 'Josh': 12, 'Phyllis': 8, 'Dwight:': 1}","{'Karen': 104, 'Jim': 293, 'Dwight': 260, 'Michael': 695, 'Jan': 348, 'Andy': 24, 'Pam': 183, 'Toby': 55, 'Angela': 45, 'Ryan': 129, 'Kelly': 44, 'Stanley': 23, 'Roy': 59, 'Kevin': 55, 'Darryl': 29, 'Josh': 74, 'Phyllis': 52, 'Dwight:': 13}"
The Office,3,08,"{'Jim': 81, 'Andy': 55, 'Karen': 30, 'Pam': 45, 'Toby': 16, 'Dwight': 84, 'Michael': 148, 'Hannah': 12, 'Tony': 22, 'Kevin': 21, 'Martin': 7, 'Ryan': 11, 'Kelly': 6, 'Meredith': 11, 'Video': 2, 'Angela': 7, 'Creed': 2, 'Phyllis': 8, 'Stanley': 4, 'Jan': 6}","{'Jim': 466, 'Andy': 448, 'Karen': 189, 'Pam': 355, 'Toby': 73, 'Dwight': 609, 'Michael': 1805, 'Hannah': 53, 'Tony': 122, 'Kevin': 141, 'Martin': 31, 'Ryan': 63, 'Kelly': 59, 'Meredith': 48, 'Video': 0, 'Angela': 37, 'Creed': 10, 'Phyllis': 60, 'Stanley': 51, 'Jan': 52}"
The Office,3,09,"{'Pam': 16, 'Hannah': 5, 'Stanley': 2, 'Michael': 54, 'Karen': 10, 'Jim': 31, 'Angela': 10, 'Jan': 7, 'Kevin': 13, 'Andy': 17, 'Dwight': 4, 'Martin': 11, 'Meredith': 1, 'Ryan': 3, 'Creed': 2, 'Phyllis': 1, 'Toby': 4}","{'Pam': 89, 'Hannah': 10, 'Stanley': 5, 'Michael': 1155, 'Karen': 47, 'Jim': 302, 'Angela': 97, 'Jan': 59, 'Kevin': 75, 'Andy': 208, 'Dwight': 60, 'Martin': 190, 'Meredith': 5, 'Ryan': 10, 'Creed': 22, 'Phyllis': 5, 'Toby': 75}"
The Office,3,10,"{'Dwight': 62, 'Pam': 57, 'Jim': 45, 'Toby': 15, 'Phyllis': 15, 'Creed': 4, 'Michael': 115, 'Kevin': 15, 'Andy': 28, 'Carol': 18, 'Stanley': 5, 'Angela': 51, 'Karen': 35, 'Meredith': 3, 'Kelly': 19, 'Ryan': 22, 'Waitress': 1, 'Roy': 6, 'Chef': 2, 'Cindy': 2, 'Hannah': 2, 'Man': 1, 'Darryl': 3, 'Everybody': 1, 'Both': 2, 'Oscar': 1}","{'Dwight': 621, 'Pam': 419, 'Jim': 459, 'Toby': 104, 'Phyllis': 85, 'Creed': 73, 'Michael': 1523, 'Kevin': 137, 'Andy': 296, 'Carol': 98, 'Stanley': 58, 'Angela': 659, 'Karen': 282, 'Meredith': 10, 'Kelly': 209, 'Ryan': 173, 'Waitress': 6, 'Roy': 44, 'Chef': 15, 'Cindy': 14, 'Hannah': 12, 'Man': 2, 'Darryl': 41, 'Everybody': 3, 'Both': 15, 'Oscar': 2}"
The Office,3,11,"{'Jim': 33, 'Dwight': 39, 'Karen': 9, 'Phyllis': 5, 'Andy': 10, 'Michael': 100, 'Pam': 43, 'Stanley': 10, 'Angela': 7, 'Everybody': 2, 'Packer': 7, 'Roy': 7, 'Darryl': 6, 'Kevin': 10, 'Toby': 9, 'Jan': 14, 'Creed': 4, 'Kelly': 2, 'Ryan': 2, 'Someone': 2, 'Meredith': 2}","{'Jim': 243, 'Dwight': 414, 'Karen': 110, 'Phyllis': 68, 'Andy': 76, 'Michael': 1493, 'Pam': 399, 'Stanley': 93, 'Angela': 65, 'Everybody': 7, 'Packer': 60, 'Roy': 64, 'Darryl': 38, 'Kevin': 104, 'Toby': 91, 'Jan': 231, 'Creed': 51, 'Kelly': 16, 'Ryan': 40, 'Someone': 8, 'Meredith': 33}"
The Office,3,12,"{'Michael': 48, 'Harvey': 7, 'Jim': 29, 'Pam': 9, 'Kevin': 4, 'Angela': 13, 'Andy': 29, 'Dwight': 33, 'Phyllis': 10, 'Karen': 15, 'Stanley': 8, 'Ryan': 8, 'Buyer': 2, 'Kenny': 1, 'Julius': 3, 'Guy': 1, 'Man': 5, 'Phone': 1, 'Kelly': 2, 'Jan': 1}","{'Michael': 525, 'Harvey': 42, 'Jim': 286, 'Pam': 37, 'Kevin': 40, 'Angela': 147, 'Andy': 613, 'Dwight': 433, 'Phyllis': 77, 'Karen': 74, 'Stanley': 73, 'Ryan': 60, 'Buyer': 25, 'Kenny': 17, 'Julius': 13, 'Guy': 1, 'Man': 40, 'Phone': 10, 'Kelly': 18, 'Jan': 30}"
The Office,3,13,"{'Dwight': 24, 'Andy': 39, 'Jim': 23, 'Michael': 45, 'Oscar': 11, 'Kevin': 3, 'Angela': 14, 'Pam': 9, 'MIchael': 1, 'Lady': 2, 'Karen': 3, 'Ryan': 3, 'Phyllis': 3, 'Stanley': 2, 'Paris': 6, 'Everybody': 1, 'Creed': 2, 'Meredith': 2, 'Marcy': 3}","{'Dwight': 219, 'Andy': 447, 'Jim': 109, 'Michael': 509, 'Oscar': 87, 'Kevin': 22, 'Angela': 111, 'Pam': 46, 'MIchael': 71, 'Lady': 8, 'Karen': 34, 'Ryan': 14, 'Phyllis': 37, 'Stanley': 8, 'Paris': 55, 'Everybody': 1, 'Creed': 9, 'Meredith': 4, 'Marcy': 22}"
The Office,3,14,"{'Michael': 77, 'Dwight': 29, 'Pam': 30, 'Jim': 25, 'Angela': 5, 'Karen': 15, 'Packer': 12, 'Meredith': 2, 'Ryan': 6, 'Elizabeth': 17, 'Stanley': 1, 'Kevin': 3, 'Roy': 1, 'Jan': 6, 'Kelly': 3}","{'Michael': 1043, 'Dwight': 199, 'Pam': 249, 'Jim': 174, 'Angela': 30, 'Karen': 149, 'Packer': 106, 'Meredith': 8, 'Ryan': 31, 'Elizabeth': 85, 'Stanley': 2, 'Kevin': 26, 'Roy': 27, 'Jan': 40, 'Kelly': 37}"
The Office,3,15,"{'Jim': 19, 'Dwight': 25, 'Michael': 49, 'Photographer': 1, 'Phyllis': 15, 'Pam': 15, 'Stanley': 2, 'Karen': 4, 'Angela': 3, 'Kevin': 4, 'Toby': 2, 'Kelly': 6, 'Meredith': 1, 'Crowd': 3, 'Priest': 4, 'Roy': 9, 'Randy': 2, 'Unknown': 1, 'Women': 1}","{'Jim': 169, 'Dwight': 270, 'Michael': 923, 'Photographer': 28, 'Phyllis': 99, 'Pam': 105, 'Stanley': 4, 'Karen': 42, 'Angela': 25, 'Kevin': 82, 'Toby': 5, 'Kelly': 68, 'Meredith': 11, 'Crowd': 1, 'Priest': 33, 'Roy': 107, 'Randy': 13, 'Unknown': 2, 'Women': 4}"
The Office,3,16,"{'Michael': 58, 'Kevin': 7, 'Ryan': 16, 'Dwight': 25, 'Roy': 8, 'Pam': 29, 'Jim': 20, 'Kelly': 11, 'Karen': 6, 'Stanley': 2, 'Angela': 5, 'Toby': 3, 'Creed': 8, 'Meredith': 12, 'Woman': 4, 'Kenny': 3, 'Oscar': 9, 'Gil': 4, 'Artist': 1}","{'Michael': 1164, 'Kevin': 32, 'Ryan': 154, 'Dwight': 329, 'Roy': 70, 'Pam': 184, 'Jim': 172, 'Kelly': 129, 'Karen': 22, 'Stanley': 13, 'Angela': 29, 'Toby': 60, 'Creed': 16, 'Meredith': 71, 'Woman': 6, 'Kenny': 46, 'Oscar': 63, 'Gil': 34, 'Artist': 3}"
The Office,3,17,"{'Michael': 85, 'Dwight': 35, 'Jim': 22, 'Pam': 24, 'Kevin': 12, 'Jan': 47, 'Roy': 24, 'Rachel': 11, 'Kelly': 4, 'Kenny': 7, 'Everyone': 1, 'Angela': 3, 'David': 8, 'Bartender': 1, 'Man': 1, 'Karen': 14, 'Ryan': 12, 'Creed': 2, 'Toby': 5, 'Child': 2, 'Waiter': 3, 'Meredith': 2, 'Stanley': 5, 'Oscar': 1, 'Melissa': 6}","{'Michael': 932, 'Dwight': 256, 'Jim': 194, 'Pam': 242, 'Kevin': 56, 'Jan': 531, 'Roy': 190, 'Rachel': 67, 'Kelly': 27, 'Kenny': 18, 'Everyone': 1, 'Angela': 12, 'David': 58, 'Bartender': 2, 'Man': 7, 'Karen': 177, 'Ryan': 90, 'Creed': 27, 'Toby': 17, 'Child': 13, 'Waiter': 21, 'Meredith': 7, 'Stanley': 42, 'Oscar': 7, 'Melissa': 17}"
The Office,3,18,"{'Karen': 16, 'Jim': 41, 'Kevin': 8, 'Roy': 8, 'Pam': 16, 'Dwight': 18, 'Michael': 107, 'Jan': 30, 'Toby': 17, 'Oscar': 4, 'Angela': 11, 'Kelly': 14, 'Ryan': 9, 'Darryl': 43, 'Phyllis': 4, 'Stanley': 4, 'Creed': 3, 'Hunter': 1, 'Andy': 2}","{'Karen': 212, 'Jim': 331, 'Kevin': 54, 'Roy': 109, 'Pam': 136, 'Dwight': 330, 'Michael': 1237, 'Jan': 296, 'Toby': 124, 'Oscar': 62, 'Angela': 56, 'Kelly': 205, 'Ryan': 55, 'Darryl': 409, 'Phyllis': 18, 'Stanley': 36, 'Creed': 63, 'Hunter': 7, 'Andy': 56}"
The Office,3,19,"{'Andy': 34, 'Pam': 21, 'Jim': 31, 'Dwight': 70, 'Michael': 101, 'Darryl': 32, 'Lonny': 12, 'Madge': 2, 'Kevin': 22, 'Guy': 1, 'Oscar': 3, 'Darry': 1, 'Toby': 8, 'Ryan': 9, 'Kelly': 11, 'Karen': 5, 'Everyone': 2, 'Micheal': 1, 'Creed': 4, 'Stanley': 5, 'Angela': 5, 'Phyllis': 3, 'Larry': 2}","{'Andy': 355, 'Pam': 111, 'Jim': 207, 'Dwight': 586, 'Michael': 1230, 'Darryl': 427, 'Lonny': 85, 'Madge': 6, 'Kevin': 166, 'Guy': 2, 'Oscar': 16, 'Darry': 14, 'Toby': 121, 'Ryan': 70, 'Kelly': 209, 'Karen': 28, 'Everyone': 4, 'Micheal': 20, 'Creed': 27, 'Stanley': 47, 'Angela': 39, 'Phyllis': 18, 'Larry': 9}"
The Office,3,20,"{'Jim': 73, 'Dwight': 42, 'Pam': 16, 'Phyllis': 1, 'Stanley': 1, 'Michael': 68, 'Ryan': 3, 'Karen': 4, 'Creed': 15, 'Oscar': 9, 'Angela': 25, 'Kelly': 25, 'Andy': 52, 'Kevin': 10, 'Jamie': 4, 'Barbara': 14, 'Denise': 9}","{'Jim': 416, 'Dwight': 533, 'Pam': 156, 'Phyllis': 14, 'Stanley': 7, 'Michael': 1195, 'Ryan': 105, 'Karen': 20, 'Creed': 330, 'Oscar': 64, 'Angela': 239, 'Kelly': 512, 'Andy': 544, 'Kevin': 79, 'Jamie': 17, 'Barbara': 95, 'Denise': 53}"
The Office,3,21,"{'Jim': 33, 'Dwight': 46, 'Pam': 33, 'Phyllis': 9, 'Andy': 16, 'Angela': 11, 'Creed': 6, 'Ryan': 5, 'Michael': 85, 'Kevin': 11, 'Toby': 7, 'Jan': 17, 'Hunter': 1, 'Karen': 14, 'Meredith': 5, 'Kelly': 7, 'Stanley': 2, 'Bob': 1}","{'Jim': 257, 'Dwight': 587, 'Pam': 288, 'Phyllis': 80, 'Andy': 272, 'Angela': 133, 'Creed': 79, 'Ryan': 48, 'Michael': 1552, 'Kevin': 58, 'Toby': 56, 'Jan': 177, 'Hunter': 4, 'Karen': 140, 'Meredith': 26, 'Kelly': 34, 'Stanley': 15, 'Bob': 5}"
The Office,3,22,"{'Michael': 145, 'Dwight': 50, 'Pam': 30, 'David': 9, 'Meredith': 7, 'Oscar': 5, 'Toby': 4, 'Kevin': 6, 'Stanley': 12, 'Angela': 8, 'Jim': 30, 'Andy': 21, 'Kelly': 9, 'Karen': 9, 'Ryan': 5, 'Phyllis': 5, 'Creed': 2, 'Group': 6, 'All': 1, 'Everyone': 1}","{'Michael': 2192, 'Dwight': 350, 'Pam': 538, 'David': 57, 'Meredith': 63, 'Oscar': 71, 'Toby': 16, 'Kevin': 121, 'Stanley': 114, 'Angela': 76, 'Jim': 279, 'Andy': 230, 'Kelly': 57, 'Karen': 41, 'Ryan': 68, 'Phyllis': 76, 'Creed': 16, 'Group': 61, 'All': 1, 'Everyone': 4}"
The Office,3,23,"{'Michael': 123, 'David': 47, 'Kevin': 17, 'Jim': 65, 'Meredith': 6, 'Andy': 30, 'Pam': 51, 'Dwight': 70, 'Karen': 40, 'Oscar': 12, 'Stanley': 7, 'Kelly': 7, 'Creed': 3, 'Ryan': 4, 'Angela': 6, 'Jan': 43, 'Phyllis': 5, 'Hunter': 6, 'Everyone': 1, 'Receptionist': 1}","{'Michael': 1680, 'David': 520, 'Kevin': 100, 'Jim': 503, 'Meredith': 57, 'Andy': 288, 'Pam': 581, 'Dwight': 826, 'Karen': 324, 'Oscar': 81, 'Stanley': 47, 'Kelly': 88, 'Creed': 27, 'Ryan': 67, 'Angela': 44, 'Jan': 455, 'Phyllis': 35, 'Hunter': 14, 'Everyone': 0, 'Receptionist': 6}"
The Office,4,01,"{'Michael': 159, 'Pam': 84, 'Jim': 53, 'Kevin': 21, 'Oscar': 14, 'Dwight': 57, 'Stanley': 10, 'Andy': 10, 'Angela': 50, 'Ryan': 8, 'Phyllis': 9, 'Kelly': 7, 'Nurse': 3, 'Meredith': 25, 'Creed': 9, 'Toby': 11, 'Darryl': 5, 'Intern': 5, 'Jan': 7, 'Elizabeth': 3, 'Waitress': 1, 'Someone': 1, 'Pediatrician': 3}","{'Michael': 2732, 'Pam': 656, 'Jim': 440, 'Kevin': 178, 'Oscar': 82, 'Dwight': 632, 'Stanley': 80, 'Andy': 112, 'Angela': 488, 'Ryan': 75, 'Phyllis': 32, 'Kelly': 47, 'Nurse': 12, 'Meredith': 168, 'Creed': 73, 'Toby': 108, 'Darryl': 13, 'Intern': 56, 'Jan': 42, 'Elizabeth': 4, 'Waitress': 1, 'Someone': 3, 'Pediatrician': 47}"
The Office,4,02,"{'Pam': 56, 'Jim': 48, 'Michael': 158, 'Toby': 18, 'Angela': 23, 'Dwight': 74, 'Phyllis': 13, 'Andy': 14, 'Kevin': 16, 'Kelly': 24, 'Ryan': 85, 'Creed': 15, 'Stanley': 5, 'Jan': 17, 'Oscar': 8, 'Amy': 3, 'GPS': 4, 'Ex-client': 17}","{'Pam': 329, 'Jim': 372, 'Michael': 2577, 'Toby': 139, 'Angela': 177, 'Dwight': 747, 'Phyllis': 113, 'Andy': 135, 'Kevin': 62, 'Kelly': 175, 'Ryan': 895, 'Creed': 148, 'Stanley': 27, 'Jan': 130, 'Oscar': 44, 'Amy': 19, 'GPS': 21, 'Ex-client': 119}"
The Office,4,03,"{'Michael': 156, 'Jim': 70, 'Pam': 31, 'Andy': 47, 'Oscar': 12, 'Kevin': 17, 'Everyone': 1, 'Meredith': 14, 'Dwight': 88, 'Kelly': 12, 'Stanley': 7, 'Angela': 52, 'Phyllis': 9, 'Ryan': 7, 'sAndy': 1, 'DunMiff/sys': 6, 'DwightKSchrute': 3, 'Jan': 6, 'Darryl': 9, 'Angels': 1, 'All': 5, 'Manager': 1, 'Bartender': 1, 'Man': 4, 'Creed': 1, 'Toby': 8}","{'Michael': 2191, 'Jim': 517, 'Pam': 280, 'Andy': 592, 'Oscar': 100, 'Kevin': 208, 'Everyone': 2, 'Meredith': 97, 'Dwight': 879, 'Kelly': 104, 'Stanley': 34, 'Angela': 561, 'Phyllis': 106, 'Ryan': 130, 'sAndy': 12, 'DunMiff/sys': 66, 'DwightKSchrute': 18, 'Jan': 21, 'Darryl': 54, 'Angels': 2, 'All': 7, 'Manager': 18, 'Bartender': 10, 'Man': 26, 'Creed': 17, 'Toby': 52}"
The Office,4,04,"{'Michael': 159, 'Pam': 56, 'Micahel': 1, 'Jan': 40, 'Michae': 1, 'Ryan': 21, 'Jim': 52, 'Dwight': 53, 'Angela': 10, 'Kevin': 12, 'Nick': 13, 'Mose': 13, 'Stanely': 2, 'Stanley': 7, 'Micael': 1, 'Vikram': 11, 'Kelly': 13, 'Darryl': 10, 'Creed': 7, 'Andy': 25, 'Oscar': 32, 'Phyllis': 3, 'Toby': 2, 'Meredith': 1}","{'Michael': 1971, 'Pam': 371, 'Micahel': 22, 'Jan': 437, 'Michae': 7, 'Ryan': 198, 'Jim': 436, 'Dwight': 683, 'Angela': 57, 'Kevin': 95, 'Nick': 198, 'Mose': 56, 'Stanely': 5, 'Stanley': 102, 'Micael': 1, 'Vikram': 51, 'Kelly': 104, 'Darryl': 100, 'Creed': 89, 'Andy': 260, 'Oscar': 249, 'Phyllis': 33, 'Toby': 29, 'Meredith': 8}"
The Office,4,05,"{'Michael': 87, 'Phyllis': 7, 'Andy': 21, 'Jim': 47, 'Pam': 19, 'Stanley': 1, 'Kevin': 3, 'Dwight': 11, 'Receptionist': 1, 'Ryan': 8, 'Oscar': 1, 'Meredith': 3, 'Creed': 2, 'Angela': 2, 'Darryl': 10, 'Both': 1, 'Everyone': 3, 'Bartender': 4}","{'Michael': 1480, 'Phyllis': 83, 'Andy': 340, 'Jim': 456, 'Pam': 177, 'Stanley': 15, 'Kevin': 27, 'Dwight': 115, 'Receptionist': 7, 'Ryan': 77, 'Oscar': 20, 'Meredith': 27, 'Creed': 6, 'Angela': 13, 'Darryl': 93, 'Both': 4, 'Everyone': 1, 'Bartender': 20}"
The Office,4,06,"{'Rolando': 2, 'Karen': 25, 'Michael': 87, 'Dwight': 44, 'Stanley': 8, 'All': 1, 'Jim': 78, 'Pam': 26, 'Oscar': 12, 'Ben': 4, 'Toby': 10, 'Andy': 12, 'Kevin': 2, 'Phyllis': 2, 'Angela': 1, 'Meredith': 1}","{'Rolando': 17, 'Karen': 252, 'Michael': 1322, 'Dwight': 311, 'Stanley': 77, 'All': 0, 'Jim': 614, 'Pam': 323, 'Oscar': 100, 'Ben': 29, 'Toby': 96, 'Andy': 279, 'Kevin': 4, 'Phyllis': 10, 'Angela': 33, 'Meredith': 17}"
The Office,4,07,"{'Toby': 16, 'Meredith': 5, 'Michael': 82, 'Pam': 23, 'Phyllis': 4, 'Jim': 69, 'Dwight': 35, 'Angela': 7, 'Kelly': 1, 'Oscar': 7, 'Creed': 12, 'Andy': 7, 'Kevin': 2, 'Stanley': 2, 'Everybody': 1}","{'Toby': 160, 'Meredith': 36, 'Michael': 1344, 'Pam': 151, 'Phyllis': 30, 'Jim': 545, 'Dwight': 375, 'Angela': 99, 'Kelly': 1, 'Oscar': 67, 'Creed': 100, 'Andy': 50, 'Kevin': 30, 'Stanley': 29, 'Everybody': 16}"
The Office,4,08,"{'Oscar': 4, 'Michael': 86, 'Kevin': 4, 'Pam': 25, 'Jan': 30, 'Ryan': 10, 'Lester': 23, 'Darryl': 3, 'Jim': 27, 'Kelly': 13, 'Diane': 10, 'Toby': 4, 'Man': 5, 'Meredith': 1, 'Dwight': 5, 'David': 3, 'Creed': 3, 'Stanley': 3, 'Phyllis': 3, 'Angela': 1, 'Andy': 6}","{'Oscar': 25, 'Michael': 1059, 'Kevin': 22, 'Pam': 235, 'Jan': 342, 'Ryan': 122, 'Lester': 331, 'Darryl': 6, 'Jim': 194, 'Kelly': 109, 'Diane': 131, 'Toby': 85, 'Man': 41, 'Meredith': 3, 'Dwight': 87, 'David': 8, 'Creed': 12, 'Stanley': 16, 'Phyllis': 16, 'Angela': 4, 'Andy': 59}"
The Office,4,09,"{'Stanley': 1, 'Phyllis': 1, 'Michael': 101, 'Jim': 42, 'Dwight': 18, 'Andy': 14, 'Jan': 90, 'Pam': 35, 'Angela': 14, 'All': 1, 'Michae': 1, 'Woman': 5, 'Officer': 1, 'Neighbor': 1}","{'Stanley': 3, 'Phyllis': 12, 'Michael': 1336, 'Jim': 349, 'Dwight': 256, 'Andy': 111, 'Jan': 929, 'Pam': 263, 'Angela': 96, 'All': 1, 'Michae': 7, 'Woman': 16, 'Officer': 4, 'Neighbor': 5}"
The Office,4,10,"{'Pam': 42, 'Jim': 26, 'Oscar': 2, 'Andy': 14, 'Kevin': 20, 'Michael': 100, 'Creed': 3, 'Phyllis': 9, 'Angela': 4, 'Dwight': 22, 'Stanley': 1, 'Margaret': 8, 'Paul': 2, 'Michael/Dwight': 1, 'Kelly': 7, 'Toby': 1}","{'Pam': 366, 'Jim': 214, 'Oscar': 18, 'Andy': 186, 'Kevin': 212, 'Michael': 1611, 'Creed': 27, 'Phyllis': 70, 'Angela': 13, 'Dwight': 288, 'Stanley': 12, 'Margaret': 42, 'Paul': 23, 'Michael/Dwight': 49, 'Kelly': 67, 'Toby': 45}"
The Office,4,11,"{'Pam': 17, 'Michael': 104, 'Dwight': 48, 'Jim': 43, 'Oscar': 8, 'Angela': 5, 'Ryan': 70, 'Stanley': 6, 'Phyllis': 5, 'Creed': 2, 'Kelly': 5, 'Andy': 4, 'Kevin': 4, 'Troy': 5, 'Waitress': 1, 'Toby': 8, 'Meredith': 1, 'Bartender': 2, 'Hank': 6}","{'Pam': 157, 'Michael': 1115, 'Dwight': 351, 'Jim': 464, 'Oscar': 54, 'Angela': 24, 'Ryan': 612, 'Stanley': 82, 'Phyllis': 23, 'Creed': 16, 'Kelly': 48, 'Andy': 60, 'Kevin': 17, 'Troy': 60, 'Waitress': 5, 'Toby': 111, 'Meredith': 1, 'Bartender': 8, 'Hank': 33}"
The Office,4,12,"{'Michael': 88, 'Pam': 30, 'Kevin': 8, 'Jim': 31, 'Phyllis': 9, 'Andy': 14, 'Kelly': 6, 'Oscar': 2, 'Dwight': 22, 'Angela': 3, 'Stanley': 20, 'Toby': 10, 'Creed': 1, 'Darryl': 8, 'Ryan': 14, 'Meredith': 1}","{'Michael': 1189, 'Pam': 248, 'Kevin': 100, 'Jim': 272, 'Phyllis': 49, 'Andy': 153, 'Kelly': 80, 'Oscar': 11, 'Dwight': 251, 'Angela': 13, 'Stanley': 218, 'Toby': 106, 'Creed': 40, 'Darryl': 24, 'Ryan': 261, 'Meredith': 2}"
The Office,4,13,"{'Michael': 74, 'Oscar': 5, 'Darryl': 5, 'Kelly': 1, 'Dwight': 10, 'Pam': 34, 'Jim': 21, 'Andy': 14, 'Phil': 10, 'Kevin': 9, 'Meredith': 1, 'Phyllis': 2, 'Creed': 4, 'Justin': 14, 'Kid': 2, 'Angela': 4, 'Maguire': 1, 'Brad': 18}","{'Michael': 1182, 'Oscar': 16, 'Darryl': 30, 'Kelly': 14, 'Dwight': 175, 'Pam': 309, 'Jim': 350, 'Andy': 147, 'Phil': 122, 'Kevin': 94, 'Meredith': 8, 'Phyllis': 10, 'Creed': 28, 'Justin': 61, 'Kid': 5, 'Angela': 7, 'Maguire': 5, 'Brad': 93}"
The Office,4,14,"{'Dwight': 48, 'Jim': 76, 'Pam': 47, 'Michael': 161, 'Toby': 50, 'Kelly': 4, 'Angela': 17, 'Phyllis': 23, 'Holly': 70, 'Stanley': 5, 'Creed': 8, 'Kevin': 23, 'Ryan': 5, 'Meredith': 9, 'Darryl': 3, 'Jan': 24, 'Andy': 12, 'Holy': 1, 'Hank': 1, 'Troy': 6, 'Someone': 1, 'Oscar': 3, 'Co-workers': 2}","{'Dwight': 409, 'Jim': 814, 'Pam': 349, 'Michael': 2000, 'Toby': 515, 'Kelly': 78, 'Angela': 160, 'Phyllis': 262, 'Holly': 537, 'Stanley': 67, 'Creed': 97, 'Kevin': 141, 'Ryan': 38, 'Meredith': 54, 'Darryl': 5, 'Jan': 218, 'Andy': 252, 'Holy': 13, 'Hank': 7, 'Troy': 35, 'Someone': 2, 'Oscar': 18, 'Co-workers': 7}"
The Office,5,01,"{'Michael': 129, 'Dwight': 59, 'Meredith': 7, 'Stanley': 8, 'Creed': 5, 'Darryl': 11, 'Andy': 31, 'Holly': 54, 'Oscar': 24, 'Jim': 67, 'Pam': 34, 'Angela': 26, 'Ronnie': 3, 'Professor': 5, 'Kelly': 17, 'Jan': 13, 'Kevin': 12, 'Phyllis': 16, 'Ryan': 20, 'Friend': 5, 'JIM9334': 2, 'Receptionitis15': 1, 'Micheal': 2, 'Toby': 3}","{'Michael': 1718, 'Dwight': 565, 'Meredith': 46, 'Stanley': 135, 'Creed': 22, 'Darryl': 101, 'Andy': 529, 'Holly': 530, 'Oscar': 161, 'Jim': 721, 'Pam': 229, 'Angela': 223, 'Ronnie': 15, 'Professor': 92, 'Kelly': 194, 'Jan': 122, 'Kevin': 43, 'Phyllis': 158, 'Ryan': 200, 'Friend': 38, 'JIM9334': 28, 'Receptionitis15': 1, 'Micheal': 2, 'Toby': 82}"
The Office,5,02,"{'Pam': 9, 'Jim': 29, 'Oscar': 7, 'Angela': 2, 'Kevin': 13, 'Andy': 12, 'Dwight': 14, 'Michael': 64, 'Creed': 2, 'Holly': 53, 'Ryan': 12, 'Phyllis': 6, 'Kelly': 3, 'Stanley': 5, 'Meredith': 23, 'Dight': 1, 'Micheal': 3, 'Kendall': 6}","{'Pam': 42, 'Jim': 297, 'Oscar': 110, 'Angela': 25, 'Kevin': 140, 'Andy': 84, 'Dwight': 104, 'Michael': 926, 'Creed': 25, 'Holly': 814, 'Ryan': 207, 'Phyllis': 134, 'Kelly': 45, 'Stanley': 27, 'Meredith': 276, 'Dight': 1, 'Micheal': 28, 'Kendall': 132}"
The Office,5,03,"{'Dwight': 39, 'Michael': 78, 'Jim': 28, 'Andy': 13, 'Phyllis': 7, 'Angela': 16, 'Meredith': 1, 'Kevin': 12, 'Oscar': 4, 'Pam': 25, 'Holly': 13, 'Stanley': 2, 'Jan': 48, 'Kelly': 2, 'Creed': 2, 'Darryl': 9, 'Toby': 3}","{'Dwight': 347, 'Michael': 921, 'Jim': 238, 'Andy': 81, 'Phyllis': 56, 'Angela': 152, 'Meredith': 1, 'Kevin': 79, 'Oscar': 39, 'Pam': 305, 'Holly': 66, 'Stanley': 49, 'Jan': 589, 'Kelly': 19, 'Creed': 9, 'Darryl': 58, 'Toby': 14}"
The Office,5,04,"{'Receptionist': 1, 'Pam': 11, 'Michael': 94, 'Holly': 36, 'Andy': 7, 'Dwight': 33, 'Phyllis': 24, 'Angela': 8, 'Oscar': 5, 'Kevin': 5, 'Jim': 36, 'Creed': 2, 'Darryl': 8, 'Roy': 14, 'Bob': 10, 'All': 1, 'Stanley': 1}","{'Receptionist': 3, 'Pam': 146, 'Michael': 1274, 'Holly': 239, 'Andy': 81, 'Dwight': 388, 'Phyllis': 196, 'Angela': 42, 'Oscar': 50, 'Kevin': 28, 'Jim': 229, 'Creed': 24, 'Darryl': 66, 'Roy': 43, 'Bob': 20, 'All': 3, 'Stanley': 8}"
The Office,5,05,"{'Kelly': 7, 'Phyllis': 5, 'Ryan': 4, 'Oscar': 6, 'Creed': 2, 'Kevin': 5, 'Andy': 44, 'Jim': 25, 'Pam': 25, 'Dwight': 38, 'Michael': 101, 'Holly': 73, 'Darryl': 55, 'Tom': 13, 'Pete': 15, 'Meredith': 1, 'Stanley': 1, 'Angela': 8}","{'Kelly': 59, 'Phyllis': 43, 'Ryan': 21, 'Oscar': 72, 'Creed': 17, 'Kevin': 22, 'Andy': 508, 'Jim': 218, 'Pam': 287, 'Dwight': 390, 'Michael': 889, 'Holly': 474, 'Darryl': 401, 'Tom': 105, 'Pete': 141, 'Meredith': 21, 'Stanley': 1, 'Angela': 53}"
The Office,5,06,"{'Michael': 72, 'Dwight': 88, 'Darryl': 1, 'Andy': 29, 'Jim': 99, 'Kelly': 21, 'Kevin': 2, 'Group': 1, 'Mother': 4, 'Pam': 33, 'Alex': 10, 'Angela': 6, 'Customer': 5, 'Ryan': 6, 'Meredith': 1, 'Phyllis': 4, 'Stanley': 4}","{'Michael': 789, 'Dwight': 908, 'Darryl': 26, 'Andy': 313, 'Jim': 757, 'Kelly': 191, 'Kevin': 11, 'Group': 4, 'Mother': 11, 'Pam': 261, 'Alex': 224, 'Angela': 88, 'Customer': 27, 'Ryan': 93, 'Meredith': 11, 'Phyllis': 32, 'Stanley': 19}"
The Office,5,07,"{'Michael': 73, 'Jim': 22, 'Meredith': 3, 'Kevin': 2, 'Creed': 1, 'Phyllis': 2, 'Stanley': 3, 'Dwight': 15, 'Andy': 66, 'Oscar': 37, 'Stewardess': 1, 'Beth': 4, 'Ryan': 13, 'Kelly': 15, 'Concierge': 3, 'Pam': 14, 'Marie': 5, 'Guy': 1, 'Angela': 8, 'Client': 2}","{'Michael': 934, 'Jim': 129, 'Meredith': 7, 'Kevin': 9, 'Creed': 3, 'Phyllis': 6, 'Stanley': 6, 'Dwight': 127, 'Andy': 490, 'Oscar': 222, 'Stewardess': 7, 'Beth': 27, 'Ryan': 130, 'Kelly': 125, 'Concierge': 49, 'Pam': 151, 'Marie': 24, 'Guy': 5, 'Angela': 21, 'Client': 19}"
The Office,5,08,"{'Angela': 1, 'Kevin': 2, 'Dwight': 30, 'Jim': 31, 'Michael': 82, 'Ryan': 18, 'Kelly': 10, 'Toby': 29, 'David': 11, 'Pam': 23, 'Andy': 4, 'Phyllis': 3, 'Creed': 2, 'Leo': 3}","{'Angela': 16, 'Kevin': 18, 'Dwight': 410, 'Jim': 458, 'Michael': 892, 'Ryan': 233, 'Kelly': 53, 'Toby': 195, 'David': 71, 'Pam': 157, 'Andy': 52, 'Phyllis': 14, 'Creed': 29, 'Leo': 15}"
The Office,5,09,"{'Oscar': 31, 'Michael': 93, 'Pam': 51, 'Stanley': 4, 'Toby': 2, 'Jim': 31, 'Meredith': 1, 'Creed': 1, 'Andy': 18, 'Dwight': 29, 'Angela': 23, 'Kevin': 3, 'Kelly': 1, 'Phyllis': 2, 'Hank': 13, 'David': 6}","{'Oscar': 378, 'Michael': 942, 'Pam': 339, 'Stanley': 15, 'Toby': 27, 'Jim': 190, 'Meredith': 10, 'Creed': 5, 'Andy': 171, 'Dwight': 408, 'Angela': 144, 'Kevin': 20, 'Kelly': 9, 'Phyllis': 3, 'Hank': 119, 'David': 46}"
The Office,5,10,"{'Dwight': 27, 'Jim': 26, 'Stanley': 4, 'Phyllis': 19, 'Michael': 65, 'Angela': 12, 'Meredith': 36, 'Pam': 6, 'Andy': 8, 'Guy': 3, 'Oscar': 5, 'Kevin': 3, 'Toby': 15, 'Kelly': 1, 'Creed': 1, 'Sasha': 1, 'Darryl': 6}","{'Dwight': 346, 'Jim': 161, 'Stanley': 16, 'Phyllis': 274, 'Michael': 925, 'Angela': 124, 'Meredith': 274, 'Pam': 38, 'Andy': 232, 'Guy': 14, 'Oscar': 33, 'Kevin': 43, 'Toby': 183, 'Kelly': 8, 'Creed': 8, 'Sasha': 3, 'Darryl': 31}"
The Office,5,11,"{'Pam': 5, 'Michael': 46, 'Dwight': 65, 'Phyllis': 3, 'Jim': 27, 'Stanley': 2, 'Oscar': 10, 'Everyone': 1, 'Angela': 22, 'Kevin': 5, 'Andy': 62, 'Meredith': 6, 'David': 8, 'Creed': 2, 'Kelly': 2}","{'Pam': 66, 'Michael': 584, 'Dwight': 506, 'Phyllis': 14, 'Jim': 210, 'Stanley': 6, 'Oscar': 77, 'Everyone': 1, 'Angela': 203, 'Kevin': 61, 'Andy': 420, 'Meredith': 48, 'David': 145, 'Creed': 4, 'Kelly': 22}"
The Office,5,12,"{'Dwight': 71, 'Jim': 13, 'Phyllis': 4, 'Stanley': 4, 'Michael': 84, 'David': 9, 'Andy': 3, 'Creed': 1, 'Kevin': 12, 'Meredith': 2, 'Pam': 5, 'Angela': 3, 'Oscar': 3, 'Kelly': 2}","{'Dwight': 679, 'Jim': 240, 'Phyllis': 16, 'Stanley': 71, 'Michael': 725, 'David': 136, 'Andy': 36, 'Creed': 3, 'Kevin': 89, 'Meredith': 9, 'Pam': 38, 'Angela': 51, 'Oscar': 60, 'Kelly': 39}"
The Office,5,13,"{'Dwight': 73, 'Angela': 16, 'Pam': 32, 'Phyllis': 11, 'Andy': 23, 'Kevin': 8, 'Michael': 118, 'Everyone': 3, 'Jim': 35, 'Stanley': 28, 'Oscar': 11, 'Lawyer': 2, 'David': 1, 'Michel': 1, 'Rose': 8, 'Creed': 4, 'Kelly': 3, 'Lily': 6, 'Sam': 6, 'Meredith': 3, 'Group': 1, 'Darryl': 6}","{'Dwight': 874, 'Angela': 100, 'Pam': 442, 'Phyllis': 58, 'Andy': 317, 'Kevin': 54, 'Michael': 1886, 'Everyone': 18, 'Jim': 231, 'Stanley': 190, 'Oscar': 73, 'Lawyer': 8, 'David': 12, 'Michel': 23, 'Rose': 95, 'Creed': 26, 'Kelly': 44, 'Lily': 62, 'Sam': 107, 'Meredith': 43, 'Group': 2, 'Darryl': 40}"
The Office,5,14,"{'Michael': 55, 'Jim': 34, 'Pam': 35, 'Kelly': 8, 'Dwight': 25, 'Phyllis': 3, 'Julia': 13, 'Stanley': 7, 'Andy': 27, 'Rolando': 2, 'Karen': 20, 'Mark': 2, 'Oscar': 1, 'Creed': 5}","{'Michael': 1109, 'Jim': 243, 'Pam': 253, 'Kelly': 103, 'Dwight': 218, 'Phyllis': 14, 'Julia': 77, 'Stanley': 66, 'Andy': 461, 'Rolando': 19, 'Karen': 159, 'Mark': 8, 'Oscar': 5, 'Creed': 51}"
The Office,5,15,"{'Michael': 50, 'Karen': 2, 'Pam': 38, 'Oscar': 13, 'Kevin': 18, 'Angela': 19, 'Meredith': 9, 'Creed': 2, 'Dwight': 33, 'Kelly': 18, 'Jim': 33, 'Phyllis': 1, 'Receptionist': 5, 'Stanley': 2, 'A.J.': 8, 'Woman': 1, 'Man': 1, 'All': 1}","{'Michael': 587, 'Karen': 10, 'Pam': 348, 'Oscar': 77, 'Kevin': 87, 'Angela': 320, 'Meredith': 34, 'Creed': 15, 'Dwight': 305, 'Kelly': 194, 'Jim': 346, 'Phyllis': 4, 'Receptionist': 52, 'Stanley': 19, 'A.J.': 31, 'Woman': 8, 'Man': 8, 'All': 2}"
The Office,5,16,"{'Pam': 32, 'Jim': 35, 'Michael': 86, 'Dwight': 31, 'Kevin': 15, 'Kelly': 9, 'Phyllis': 11, 'Hank': 1, 'Meredith': 3, 'Bob': 9, 'Oscar': 14, 'Angela': 4, 'Lynn': 6, 'Blonde': 6, 'Eric': 1, 'Girl': 1, 'Stanley': 2}","{'Pam': 222, 'Jim': 186, 'Michael': 1156, 'Dwight': 300, 'Kevin': 165, 'Kelly': 79, 'Phyllis': 74, 'Hank': 1, 'Meredith': 18, 'Bob': 62, 'Oscar': 126, 'Angela': 67, 'Lynn': 16, 'Blonde': 36, 'Eric': 2, 'Girl': 4, 'Stanley': 27}"
The Office,5,17,"{'Pam': 24, 'Michael': 113, 'Dwight': 71, 'Jim': 39, 'Andy': 12, 'Kevin': 10, 'Oscar': 7, 'Darryl': 3, 'Creed': 2, 'Stanley': 1, 'David': 25, 'Lynn': 3}","{'Pam': 247, 'Michael': 1437, 'Dwight': 508, 'Jim': 376, 'Andy': 147, 'Kevin': 110, 'Oscar': 27, 'Darryl': 27, 'Creed': 6, 'Stanley': 18, 'David': 299, 'Lynn': 3}"
The Office,5,18,"{'Dwight': 15, 'Michael': 95, 'Jim': 25, 'Pam': 13, 'Charles': 65, 'Kelly': 7, 'Angela': 8, 'Kevin': 5, 'Andy': 6, 'Stanley': 2, 'Oscar': 3, 'David': 18, 'Stephanie': 6, 'Employees': 1, 'Phyllis': 3, 'Meredith': 1, 'Creed': 2}","{'Dwight': 159, 'Michael': 1332, 'Jim': 351, 'Pam': 141, 'Charles': 521, 'Kelly': 52, 'Angela': 59, 'Kevin': 32, 'Andy': 42, 'Stanley': 8, 'Oscar': 8, 'David': 138, 'Stephanie': 13, 'Employees': 21, 'Phyllis': 19, 'Meredith': 5, 'Creed': 18}"
The Office,5,19,"{'Michael': 88, 'Kelly': 3, 'Oscar': 12, 'Everyone': 1, 'Pam': 38, 'Stanley': 7, 'Angela': 4, 'Kevin': 13, 'Meredith': 2, 'Jim': 26, 'Andy': 14, 'Dwight': 12, 'Charles': 22, 'Isaac': 7, 'Creed': 1, 'Phone': 1, 'Phyllis': 3, 'Hank': 3, 'Toby': 1}","{'Michael': 1075, 'Kelly': 26, 'Oscar': 144, 'Everyone': 0, 'Pam': 328, 'Stanley': 37, 'Angela': 32, 'Kevin': 101, 'Meredith': 11, 'Jim': 193, 'Andy': 103, 'Dwight': 109, 'Charles': 226, 'Isaac': 33, 'Creed': 5, 'Phone': 35, 'Phyllis': 16, 'Hank': 9, 'Toby': 34}"
The Office,5,20,"{'Jim': 35, 'Kevin': 10, 'Andy': 16, 'Dwight': 17, 'Angela': 3, 'Stanley': 4, 'Pam': 65, 'Michael': 77, 'Charles': 40, 'Kelly': 1, 'Phyllis': 2, 'Creed': 1, 'Micheal': 1, 'Vikram': 10, 'Ryan': 11, 'Supervisor': 1, 'Michal': 1, 'Nana': 10, 'Chares': 1, 'Oscar': 1}","{'Jim': 235, 'Kevin': 69, 'Andy': 101, 'Dwight': 115, 'Angela': 12, 'Stanley': 21, 'Pam': 510, 'Michael': 1203, 'Charles': 297, 'Kelly': 9, 'Phyllis': 15, 'Creed': 5, 'Micheal': 4, 'Vikram': 107, 'Ryan': 67, 'Supervisor': 5, 'Michal': 14, 'Nana': 57, 'Chares': 3, 'Oscar': 2}"
The Office,5,21,"{'Michael': 46, 'Jim': 28, 'Pam': 45, 'Kelly': 5, 'Charles': 25, 'Erin': 16, 'Kevin': 2, 'Andy': 18, 'Dwight': 28, 'Ryan': 25, 'Toby': 3, 'Oscar': 5, 'Stanley': 3, 'Phyllis': 1, 'Man': 1, 'Creed': 2, 'Meredith': 1}","{'Michael': 732, 'Jim': 294, 'Pam': 457, 'Kelly': 43, 'Charles': 118, 'Erin': 61, 'Kevin': 13, 'Andy': 117, 'Dwight': 327, 'Ryan': 280, 'Toby': 67, 'Oscar': 31, 'Stanley': 16, 'Phyllis': 3, 'Man': 5, 'Creed': 22, 'Meredith': 6}"
The Office,5,22,"{'Michael': 95, 'Pam': 18, 'Jim': 27, 'Andy': 31, 'Phyllis': 5, 'Dwight': 83, 'Charles': 14, 'Ryan': 9, 'Secretary': 4, 'Stanley': 1, 'Kelly': 1, 'Kevin': 1}","{'Michael': 1130, 'Pam': 166, 'Jim': 303, 'Andy': 353, 'Phyllis': 21, 'Dwight': 844, 'Charles': 144, 'Ryan': 48, 'Secretary': 17, 'Stanley': 9, 'Kelly': 2, 'Kevin': 6}"
The Office,5,23,"{'Michael': 76, 'Ryan': 24, 'Pam': 33, 'Charles': 39, 'Jim': 29, 'Dwight': 25, 'Stanley': 1, 'Andy': 3, 'Angela': 2, 'David': 36, 'Kelly': 2, 'Kevin': 1, 'Phyllis': 1, 'Ty': 2, 'Erin': 1}","{'Michael': 880, 'Ryan': 181, 'Pam': 299, 'Charles': 315, 'Jim': 274, 'Dwight': 295, 'Stanley': 12, 'Andy': 46, 'Angela': 31, 'David': 390, 'Kelly': 1, 'Kevin': 1, 'Phyllis': 18, 'Ty': 8, 'Erin': 1}"
The Office,5,24,"{'Kevin': 1, 'Michael': 95, 'Ryan': 25, 'Pam': 30, 'Dwight': 49, 'Angela': 5, 'Jim': 29, 'Oscar': 5, 'Erin': 10, 'Stanley': 12, 'Phyllis': 13, 'Andy': 12, 'Meredith': 8, 'Toby': 13, 'Creed': 9, 'Kelly': 2, 'Darryl': 1}","{'Kevin': 73, 'Michael': 1264, 'Ryan': 176, 'Pam': 165, 'Dwight': 509, 'Angela': 62, 'Jim': 270, 'Oscar': 32, 'Erin': 33, 'Stanley': 63, 'Phyllis': 141, 'Andy': 97, 'Meredith': 66, 'Toby': 170, 'Creed': 74, 'Kelly': 22, 'Darryl': 10}"
The Office,5,25,"{'Erin': 23, 'Dwight': 32, 'Pam': 19, 'Jim': 17, 'Michael': 85, 'Ryan': 2, 'Angela': 17, 'Phyllis': 27, 'Oscar': 6, 'Andy': 16, 'Meredith': 1, 'Kevin': 15, 'Jessica': 3, 'Stanley': 2, 'Kelly': 11, 'Creed': 3, 'Phylis': 1, 'Lynn': 7}","{'Erin': 132, 'Dwight': 525, 'Pam': 120, 'Jim': 135, 'Michael': 1159, 'Ryan': 34, 'Angela': 144, 'Phyllis': 144, 'Oscar': 40, 'Andy': 99, 'Meredith': 7, 'Kevin': 122, 'Jessica': 28, 'Stanley': 20, 'Kelly': 78, 'Creed': 30, 'Phylis': 4, 'Lynn': 31}"
The Office,5,26,"{'Erin': 3, 'Jim': 24, 'Pam': 25, 'Dwight': 38, 'Michael': 54, 'Rolph': 6, 'Kevin': 5, 'Holly': 38, 'AJ': 8, 'Charles': 12, 'Andy': 12, 'Man': 1, 'Phyllis': 4, 'Woman': 1, 'Stanley': 2, 'Angela': 3, 'Meredith': 2, 'David': 13, 'Toby': 2, 'Kendall': 2, 'Oscar': 2, 'Both': 1, 'Nurse': 3}","{'Erin': 28, 'Jim': 283, 'Pam': 167, 'Dwight': 436, 'Michael': 491, 'Rolph': 54, 'Kevin': 16, 'Holly': 314, 'AJ': 58, 'Charles': 115, 'Andy': 70, 'Man': 5, 'Phyllis': 21, 'Woman': 2, 'Stanley': 17, 'Angela': 21, 'Meredith': 11, 'David': 204, 'Toby': 13, 'Kendall': 11, 'Oscar': 12, 'Both': 2, 'Nurse': 46}"
The Office,6,01,"{'Michael': 95, 'Andy': 37, 'Dwight': 20, 'Jim': 42, 'Pam': 27, 'Meredith': 4, 'Oscar': 10, 'Kelly': 9, 'Phyllis': 7, 'Maurie': 10, 'Eric': 8, 'Kevin': 14, 'Stanley': 12, 'Erin': 7, 'Angela': 5, 'Creed': 6, 'Toby': 1, 'Everyone': 3, 'Ryan': 1, 'Megan': 3}","{'Michael': 1167, 'Andy': 308, 'Dwight': 241, 'Jim': 294, 'Pam': 204, 'Meredith': 20, 'Oscar': 116, 'Kelly': 37, 'Phyllis': 55, 'Maurie': 84, 'Eric': 46, 'Kevin': 101, 'Stanley': 125, 'Erin': 37, 'Angela': 34, 'Creed': 52, 'Toby': 16, 'Everyone': 1, 'Ryan': 3, 'Megan': 17}"
The Office,6,02,"{'Michael': 70, 'Oscar': 7, 'David': 34, 'Jim': 19, 'Pam': 24, 'Darryl': 15, 'Toby': 26, 'Dwight': 32, 'Creed': 4, 'Kelly': 3, 'Andy': 7, 'Phyllis': 2, 'Stanley': 2, 'Kevin': 1, 'Erin': 3, 'Ryan': 5, 'Gwenneth': 2, 'Meredith': 6, 'Angela': 3}","{'Michael': 1043, 'Oscar': 33, 'David': 467, 'Jim': 186, 'Pam': 249, 'Darryl': 151, 'Toby': 257, 'Dwight': 318, 'Creed': 23, 'Kelly': 60, 'Andy': 232, 'Phyllis': 9, 'Stanley': 7, 'Kevin': 5, 'Erin': 17, 'Ryan': 25, 'Gwenneth': 2, 'Meredith': 40, 'Angela': 8}"
The Office,6,03,"{'Dwight': 29, 'Michael': 86, 'Jim': 91, 'Erin': 3, 'Stanley': 3, 'Oscar': 12, 'Phyllis': 13, 'Pam': 17, 'Ryan': 5, 'Kelly': 4, 'Creed': 3, 'Meredith': 9, 'Kevin': 14, 'Angela': 5, 'Andy': 3}","{'Dwight': 385, 'Michael': 1038, 'Jim': 924, 'Erin': 32, 'Stanley': 23, 'Oscar': 131, 'Phyllis': 99, 'Pam': 159, 'Ryan': 82, 'Kelly': 66, 'Creed': 8, 'Meredith': 60, 'Kevin': 93, 'Angela': 52, 'Andy': 37}"
The Office,6,04,"{'Pam': 70, 'Jim': 56, 'Dwight': 84, 'Phyllis': 3, 'Meredith': 6, 'Andy': 33, 'Michael': 129, 'Erin': 10, 'Kevin': 30, 'Angela': 12, 'Micheal': 1, 'Kelly': 3, 'Stanley': 7, 'Toby': 4, 'Mema': 13, 'Kids': 1, 'Oscar': 9, 'Penny': 11, 'Ryan': 3, 'Isabel': 11, 'Pete': 6, 'Tom': 6, 'Everyone': 1, 'Michel': 1}","{'Pam': 617, 'Jim': 670, 'Dwight': 792, 'Phyllis': 34, 'Meredith': 84, 'Andy': 407, 'Michael': 1629, 'Erin': 107, 'Kevin': 278, 'Angela': 87, 'Micheal': 1, 'Kelly': 26, 'Stanley': 56, 'Toby': 28, 'Mema': 162, 'Kids': 1, 'Oscar': 63, 'Penny': 66, 'Ryan': 24, 'Isabel': 82, 'Pete': 43, 'Tom': 44, 'Everyone': 2, 'Michel': 2}"
The Office,6,05,"{'Michael': 122, 'Toby': 3, 'Andy': 55, 'Creed': 1, 'Meredith': 3, 'Ryan': 4, 'Erin': 7, 'Grotti': 30, 'Kevin': 17, 'Dwight': 50, 'Oscar': 18, 'Phyllis': 1, 'Jim': 14, 'Pam': 5, 'Waitress': 7, 'Rep': 6, 'Woman': 4, 'Kid': 1}","{'Michael': 1107, 'Toby': 16, 'Andy': 536, 'Creed': 7, 'Meredith': 23, 'Ryan': 29, 'Erin': 54, 'Grotti': 378, 'Kevin': 159, 'Dwight': 491, 'Oscar': 183, 'Phyllis': 5, 'Jim': 76, 'Pam': 69, 'Waitress': 29, 'Rep': 64, 'Woman': 31, 'Kid': 5}"
The Office,6,06,"{'Erin': 12, 'Kevin': 6, 'Kelly': 10, 'Jim': 60, 'Pam': 60, 'Michael': 85, 'Dwight': 30, 'Meredith': 4, 'Toby': 15, 'Andy': 9, 'Various': 1, 'Angela': 5, 'Oscar': 6, 'Phyllis': 2, 'Creed': 1, 'Ryan': 8, 'Stanley': 1}","{'Erin': 73, 'Kevin': 21, 'Kelly': 88, 'Jim': 462, 'Pam': 478, 'Michael': 923, 'Dwight': 419, 'Meredith': 22, 'Toby': 148, 'Andy': 70, 'Various': 6, 'Angela': 37, 'Oscar': 48, 'Phyllis': 12, 'Creed': 4, 'Ryan': 42, 'Stanley': 3}"
The Office,6,07,"{'Michael': 85, 'Kids': 2, 'Jim': 49, 'Darryl': 7, 'Angela': 10, 'Kelly': 2, 'Creed': 3, 'Ryan': 1, 'Meredith': 8, 'Dwight': 14, 'Erin': 17, 'Pam': 39, 'Andy': 37, 'Phyllis': 9, 'Secretary': 2, 'Stanley': 3, 'Oscar': 11, 'Kevin': 10, 'Customer': 4}","{'Michael': 1165, 'Kids': 2, 'Jim': 427, 'Darryl': 108, 'Angela': 43, 'Kelly': 10, 'Creed': 26, 'Ryan': 9, 'Meredith': 64, 'Dwight': 139, 'Erin': 171, 'Pam': 241, 'Andy': 462, 'Phyllis': 79, 'Secretary': 19, 'Stanley': 15, 'Oscar': 59, 'Kevin': 52, 'Customer': 36}"
The Office,6,08,"{'Dwight': 50, 'Stanley': 1, 'Andy': 28, 'Phyllis': 2, 'Michael': 114, 'Pam': 70, 'Erin': 3, 'Ryan': 8, 'Helene': 37, 'Angela': 2, 'Kevin': 6, 'Kelly': 5, 'Jim': 26, 'Creed': 2, 'Hostess': 1, 'Oscar': 3, 'Michel': 1, 'Toby': 7, 'Meredith': 1}","{'Dwight': 476, 'Stanley': 2, 'Andy': 250, 'Phyllis': 8, 'Michael': 1243, 'Pam': 475, 'Erin': 29, 'Ryan': 69, 'Helene': 386, 'Angela': 16, 'Kevin': 25, 'Kelly': 37, 'Jim': 144, 'Creed': 11, 'Hostess': 8, 'Oscar': 18, 'Michel': 4, 'Toby': 75, 'Meredith': 20}"
The Office,6,09,"{'Dwight': 30, 'Jim': 47, 'Kevin': 11, 'Michael': 67, 'Andy': 24, 'Erin': 15, 'Pam': 12, 'Oscar': 8, 'Phyllis': 5, 'Stanley': 6, 'Kelly': 1, 'Meredith': 4, 'Angela': 6, 'Ryan': 1, 'Creed': 2, 'David': 4}","{'Dwight': 437, 'Jim': 653, 'Kevin': 93, 'Michael': 811, 'Andy': 250, 'Erin': 115, 'Pam': 114, 'Oscar': 152, 'Phyllis': 50, 'Stanley': 23, 'Kelly': 19, 'Meredith': 31, 'Angela': 57, 'Ryan': 19, 'Creed': 23, 'David': 95}"
The Office,6,10,"{'Oscar': 18, 'Dwight': 26, 'Jim': 37, 'Pam': 12, 'Stanley': 4, 'Andy': 14, 'Michael': 71, 'Meredith': 1, 'Phyllis': 7, 'Kevin': 4, 'Erin': 3, 'Ryan': 18, 'Laurie': 5, 'David': 14, 'Alan': 12, 'Registrar': 1, 'Security': 2, 'Shareholder': 1, 'Creed': 1, ""O'Keefe"": 5}","{'Oscar': 191, 'Dwight': 303, 'Jim': 473, 'Pam': 96, 'Stanley': 20, 'Andy': 184, 'Michael': 1114, 'Meredith': 8, 'Phyllis': 40, 'Kevin': 23, 'Erin': 22, 'Ryan': 156, 'Laurie': 31, 'David': 106, 'Alan': 150, 'Registrar': 22, 'Security': 9, 'Shareholder': 3, 'Creed': 8, ""O'Keefe"": 33}"
The Office,6,11,"{'Andy': 22, 'Michael': 68, 'Jim': 38, 'Erin': 21, 'Dwight': 36, 'Pam': 14, 'Phyllis': 4, 'Stanley': 2, 'Mikela': 9, 'Students': 4, 'Teacher': 4, 'Lefevre': 11, 'Kevin': 6, 'Oscar': 2, 'Everyone': 1, 'Angela': 3, 'Zion': 1, 'Creed': 1, 'Deliveryman': 1, 'Kelly': 1, 'Stephanie': 2, 'David': 8, 'Ryan': 4}","{'Andy': 211, 'Michael': 1036, 'Jim': 350, 'Erin': 199, 'Dwight': 354, 'Pam': 133, 'Phyllis': 29, 'Stanley': 14, 'Mikela': 61, 'Students': 76, 'Teacher': 129, 'Lefevre': 156, 'Kevin': 28, 'Oscar': 5, 'Everyone': 2, 'Angela': 34, 'Zion': 6, 'Creed': 10, 'Deliveryman': 12, 'Kelly': 6, 'Stephanie': 15, 'David': 89, 'Ryan': 43}"
The Office,6,12,"{'Dwight': 37, 'Jim': 39, 'Everyone': 1, 'Oscar': 13, 'Ryan': 8, 'Meredith': 3, 'Phyllis': 27, 'Pam': 16, 'Andy': 16, 'Stanley': 5, 'Erin': 11, 'Kelly': 3, 'Kevin': 13, 'Creed': 2, 'Michael': 95, 'Group': 2, 'Daryl': 3, 'Office': 1, 'Toby': 6, 'Matt': 4, 'Angela': 6, 'David': 19, 'Stephanie': 1, 'Bob': 1}","{'Dwight': 317, 'Jim': 230, 'Everyone': 2, 'Oscar': 59, 'Ryan': 36, 'Meredith': 30, 'Phyllis': 224, 'Pam': 153, 'Andy': 130, 'Stanley': 35, 'Erin': 107, 'Kelly': 12, 'Kevin': 111, 'Creed': 17, 'Michael': 1241, 'Group': 2, 'Daryl': 22, 'Office': 2, 'Toby': 26, 'Matt': 14, 'Angela': 25, 'David': 146, 'Stephanie': 2, 'Bob': 3}"
The Office,6,13,"{'Eric': 26, 'Computron': 10, 'Michael': 43, 'Andy': 1, 'Pam': 5, 'Ryan': 1, 'Dwight': 17, 'Toby': 18, 'Kevin': 2, 'Angela': 2, 'Both': 4}","{'Eric': 189, 'Computron': 48, 'Michael': 462, 'Andy': 12, 'Pam': 47, 'Ryan': 10, 'Dwight': 118, 'Toby': 125, 'Kevin': 3, 'Angela': 6, 'Both': 15}"
The Office,6,14,"{'Michael': 82, 'Erin': 6, 'Oscar': 5, 'Dwight': 9, 'Pam': 25, 'Creed': 1, 'Gabe': 18, 'Jim': 26, 'Andy': 10, 'Meredith': 2, 'Angela': 2, 'Stanley': 1, 'Toby': 2, 'Jo': 8, 'Jerry': 14, 'David': 34, 'Everyone': 1, 'Phyllis': 1, 'Kevin': 1, 'All': 1, 'Teddy': 6, 'Both': 1}","{'Michael': 1135, 'Erin': 77, 'Oscar': 37, 'Dwight': 45, 'Pam': 167, 'Creed': 6, 'Gabe': 290, 'Jim': 300, 'Andy': 86, 'Meredith': 12, 'Angela': 10, 'Stanley': 2, 'Toby': 6, 'Jo': 165, 'Jerry': 158, 'David': 292, 'Everyone': 8, 'Phyllis': 10, 'Kevin': 11, 'All': 5, 'Teddy': 11, 'Both': 9}"
The Office,6,15,"{'Michael': 59, 'Dwight': 37, 'Gabe': 5, 'Jo': 26, 'Andy': 18, 'Kevin': 5, 'Angela': 1, 'Meredith': 3, 'Jim': 26, 'Erin': 23, 'Kelly': 8, 'Pam': 5, 'Oscar': 5, 'Ryan': 19, 'Nick': 5, 'Phyllis': 3}","{'Michael': 751, 'Dwight': 486, 'Gabe': 43, 'Jo': 424, 'Andy': 165, 'Kevin': 12, 'Angela': 2, 'Meredith': 47, 'Jim': 215, 'Erin': 266, 'Kelly': 123, 'Pam': 46, 'Oscar': 26, 'Ryan': 148, 'Nick': 38, 'Phyllis': 27}"
The Office,6,16,"{'Pam': 114, 'Dwight': 39, 'Jim': 115, 'Kevin': 27, 'Meredith': 6, 'Michael': 101, 'Erin': 35, 'Nick': 2, 'Angela': 11, 'Kelly': 3, 'Andy': 25, 'Stanley': 3, 'Phyllis': 6, 'Ryan': 2, 'Oscar': 3, 'Creed': 1, 'Toby': 1, 'Policeman': 2, 'Nurse': 19, 'Doctor': 3, 'Everyone': 1, 'Helene': 5, 'Kathy': 3, 'Dale': 1, 'Clark': 13, 'Isabelle': 9}","{'Pam': 938, 'Dwight': 506, 'Jim': 1003, 'Kevin': 179, 'Meredith': 30, 'Michael': 1318, 'Erin': 263, 'Nick': 32, 'Angela': 70, 'Kelly': 48, 'Andy': 480, 'Stanley': 23, 'Phyllis': 51, 'Ryan': 25, 'Oscar': 31, 'Creed': 2, 'Toby': 3, 'Policeman': 17, 'Nurse': 195, 'Doctor': 21, 'Everyone': 1, 'Helene': 45, 'Kathy': 16, 'Dale': 3, 'Clark': 132, 'Isabelle': 55}"
The Office,6,17,"{'Michael': 50, 'Kelly': 3, 'Ryan': 3, 'Meredith': 4, 'Erin': 20, 'Jim': 40, 'Phyllis': 1, 'Stanley': 1, 'Andy': 24, 'Dwight': 29, 'Jo': 53, 'Pam': 1, 'Angela': 3, 'Kevin': 3, 'Oscar': 4, 'Daryl': 13, 'Gabe': 3, 'D': 1, 'Reid': 5}","{'Michael': 628, 'Kelly': 28, 'Ryan': 21, 'Meredith': 37, 'Erin': 153, 'Jim': 268, 'Phyllis': 1, 'Stanley': 1, 'Andy': 211, 'Dwight': 373, 'Jo': 683, 'Pam': 25, 'Angela': 34, 'Kevin': 42, 'Oscar': 35, 'Daryl': 148, 'Gabe': 70, 'D': 15, 'Reid': 36}"
The Office,6,18,"{'Michael': 81, 'Jim': 48, 'Stanley': 9, 'Dwight': 42, 'Phyllis': 16, 'Andy': 14, 'Angela': 5, 'Darryl': 9, 'Erin': 7, 'Gabe': 7, 'Miichael': 1, 'Kelly': 8, 'Ryan': 3, 'Pam': 3, 'Kevin': 7, 'Meredith': 3, 'Toby': 2}","{'Michael': 968, 'Jim': 385, 'Stanley': 58, 'Dwight': 412, 'Phyllis': 189, 'Andy': 108, 'Angela': 76, 'Darryl': 71, 'Erin': 48, 'Gabe': 65, 'Miichael': 2, 'Kelly': 80, 'Ryan': 15, 'Pam': 26, 'Kevin': 42, 'Meredith': 14, 'Toby': 31}"
The Office,6,19,"{'Dwight': 34, 'Michael': 74, 'Jim': 33, 'Meredith': 1, 'Angela': 17, 'Creed': 1, 'Phyllis': 6, 'Everyone': 1, 'Oscar': 20, 'Stanley': 1, 'Matt': 5, 'Darryl': 10, 'Andy': 35, 'Pam': 31, 'Erin': 16, 'Kevin': 7, 'Julie': 12, 'Isabel': 18, 'Hide': 2, 'Ryan': 5, 'Kelly': 4, 'Bouncer': 1}","{'Dwight': 247, 'Michael': 670, 'Jim': 234, 'Meredith': 8, 'Angela': 128, 'Creed': 3, 'Phyllis': 53, 'Everyone': 3, 'Oscar': 143, 'Stanley': 2, 'Matt': 31, 'Darryl': 143, 'Andy': 341, 'Pam': 186, 'Erin': 70, 'Kevin': 38, 'Julie': 75, 'Isabel': 97, 'Hide': 70, 'Ryan': 38, 'Kelly': 30, 'Bouncer': 4}"
The Office,6,20,"{'Andy': 25, 'Oscar': 6, 'Kevin': 20, 'Phyllis': 3, 'Dwight': 17, 'Ryan': 5, 'Kelly': 5, 'Angela': 5, 'Meredith': 9, 'Erin': 52, 'Pam': 28, 'Jim': 8, 'Dwight.': 1, 'Michael': 45, 'Darryl': 3, 'Gabe': 23, 'Toby': 3}","{'Andy': 454, 'Oscar': 37, 'Kevin': 187, 'Phyllis': 9, 'Dwight': 173, 'Ryan': 27, 'Kelly': 30, 'Angela': 52, 'Meredith': 42, 'Erin': 489, 'Pam': 224, 'Jim': 107, 'Dwight.': 2, 'Michael': 519, 'Darryl': 21, 'Gabe': 367, 'Toby': 52}"
The Office,6,21,"{'Michael': 86, 'Erin': 9, 'Jim': 37, 'Dwight': 42, 'Oscar': 9, 'Angela': 3, 'Pam': 26, 'Donna': 38, 'Gabe': 14, 'Darryl': 4, 'Kelly': 26, 'Kevin': 7, 'Phyllis': 3, 'Ryan': 4, 'Andy': 3, 'Mihael': 1, 'Stanley': 2, 'All': 1}","{'Michael': 896, 'Erin': 72, 'Jim': 222, 'Dwight': 575, 'Oscar': 126, 'Angela': 11, 'Pam': 249, 'Donna': 247, 'Gabe': 171, 'Darryl': 47, 'Kelly': 290, 'Kevin': 60, 'Phyllis': 41, 'Ryan': 39, 'Andy': 62, 'Mihael': 4, 'Stanley': 24, 'All': 1}"
The Office,6,22,"{'Dwight': 34, 'Jim': 14, 'Pam': 37, 'Michael': 85, 'Stanley': 3, 'Andy': 28, 'Darryl': 26, 'Meredith': 1, 'Kelly': 7, 'Ryan': 2, 'Gabe': 4, 'Donna': 35, 'Erin': 3, 'Creed': 2, 'Glen': 1}","{'Dwight': 443, 'Jim': 137, 'Pam': 396, 'Michael': 843, 'Stanley': 29, 'Andy': 298, 'Darryl': 267, 'Meredith': 15, 'Kelly': 63, 'Ryan': 31, 'Gabe': 113, 'Donna': 194, 'Erin': 14, 'Creed': 46, 'Glen': 6}"
The Office,6,23,"{'Toby': 4, 'Michael': 80, 'Everyone': 4, 'Jim': 21, 'Dwight': 33, 'Creed': 4, 'Oscar': 3, 'Ryan': 11, 'Stanley': 2, 'Angela': 17, 'Pam': 30, 'Erin': 11, 'Kevin': 6, 'Lawyer': 11, 'Andy': 41, 'Phyllis': 8, 'Meredith': 3, 'Kelly': 5, 'Gabe': 6, 'Shane': 11, 'Darryl': 4, 'Reporter': 3}","{'Toby': 47, 'Michael': 1193, 'Everyone': 7, 'Jim': 117, 'Dwight': 256, 'Creed': 30, 'Oscar': 27, 'Ryan': 110, 'Stanley': 24, 'Angela': 132, 'Pam': 286, 'Erin': 109, 'Kevin': 21, 'Lawyer': 132, 'Andy': 463, 'Phyllis': 26, 'Meredith': 33, 'Kelly': 49, 'Gabe': 105, 'Shane': 64, 'Darryl': 79, 'Reporter': 21}"
The Office,6,24,"{'Michael': 67, 'Oscar': 2, 'Jim': 13, 'Angela': 4, 'Phyllis': 5, 'Dwight': 18, 'Jo': 42, 'Kevin': 6, 'Andy': 17, 'Nick': 11, 'Darryl': 6, 'Toby': 7, 'Pam': 17, 'Kelly': 5, 'Ryan': 2, 'Erin': 4, 'Realtor': 4, 'Gabe': 5, 'Creed': 2, 'Stanley': 2, 'Hank': 1}","{'Michael': 988, 'Oscar': 20, 'Jim': 90, 'Angela': 49, 'Phyllis': 38, 'Dwight': 283, 'Jo': 575, 'Kevin': 37, 'Andy': 211, 'Nick': 226, 'Darryl': 64, 'Toby': 32, 'Pam': 170, 'Kelly': 85, 'Ryan': 63, 'Erin': 28, 'Realtor': 43, 'Gabe': 73, 'Creed': 25, 'Stanley': 9, 'Hank': 15}"
The Office,7,01,"{'Stanley': 5, 'Ryan': 3, 'Kelly': 5, 'Creed': 4, 'Angela': 3, 'Andy': 16, 'Michael': 58, 'All': 2, 'Dwight': 21, 'Phyllis': 7, 'Toby': 3, 'Erin': 7, 'Gabe': 11, 'Pam': 25, 'Kevin': 5, 'Jim': 22, 'Luke': 18, 'Oscar': 8, 'Darryl': 5, 'Meredith': 3, 'Jo': 7, 'Both': 2}","{'Stanley': 19, 'Ryan': 24, 'Kelly': 99, 'Creed': 64, 'Angela': 38, 'Andy': 167, 'Michael': 1002, 'All': 2, 'Dwight': 201, 'Phyllis': 72, 'Toby': 22, 'Erin': 80, 'Gabe': 122, 'Pam': 218, 'Kevin': 41, 'Jim': 257, 'Luke': 141, 'Oscar': 81, 'Darryl': 70, 'Meredith': 13, 'Jo': 121, 'Both': 5}"
The Office,7,02,"{'Dwight': 48, 'Pam': 39, 'Jim': 34, 'Mose': 2, 'Toby': 35, 'Michael': 31, 'Phyllis': 3, 'Ryan': 3, 'Andy': 13, 'Stanley': 3, 'Kelly': 6, 'Creed': 1, 'Erin': 4, 'Oscar': 7, 'Darryl': 4, 'Angel': 1, 'Angela': 4, 'Gabe': 17, 'Salesman': 10}","{'Dwight': 589, 'Pam': 461, 'Jim': 266, 'Mose': 3, 'Toby': 321, 'Michael': 638, 'Phyllis': 29, 'Ryan': 15, 'Andy': 173, 'Stanley': 23, 'Kelly': 50, 'Creed': 6, 'Erin': 47, 'Oscar': 26, 'Darryl': 33, 'Angel': 8, 'Angela': 12, 'Gabe': 185, 'Salesman': 65}"
The Office,7,03,"{'Erin': 19, 'Jim': 19, 'Andy': 48, 'Angela': 16, 'Michael': 43, 'Pam': 17, 'Dwight': 17, 'Stanley': 2, 'Phyllis': 4, 'Usher': 2, 'All': 2, 'Darryl': 11, 'Kelly': 2, 'Shelby': 8, 'Meredith': 1, 'Creed': 2, 'Oscar': 1}","{'Erin': 272, 'Jim': 134, 'Andy': 524, 'Angela': 187, 'Michael': 500, 'Pam': 189, 'Dwight': 167, 'Stanley': 15, 'Phyllis': 20, 'Usher': 28, 'All': 7, 'Darryl': 90, 'Kelly': 5, 'Shelby': 41, 'Meredith': 1, 'Creed': 32, 'Oscar': 6}"
The Office,7,04,"{'Dwight': 41, 'Son': 4, 'Nate': 7, 'Angela': 2, 'Phyllis': 5, 'Ryan': 1, 'Kelly': 5, 'Andy': 40, 'Pam': 8, 'Michel': 1, 'Erin': 4, 'Michael': 88, 'Meredith': 7, 'Kevin': 10, 'Jim': 4, 'Oscar': 7, 'Donna': 7, 'Stanley': 4, 'Holly': 16, 'Jan': 16, 'Astrid': 3, 'Creed': 2, 'Darryl': 8, 'Helene': 4, 'Carroll': 14, 'Gabe': 3, 'Carrol': 1}","{'Dwight': 475, 'Son': 37, 'Nate': 20, 'Angela': 19, 'Phyllis': 37, 'Ryan': 4, 'Kelly': 33, 'Andy': 470, 'Pam': 76, 'Michel': 8, 'Erin': 11, 'Michael': 918, 'Meredith': 54, 'Kevin': 46, 'Jim': 19, 'Oscar': 56, 'Donna': 42, 'Stanley': 19, 'Holly': 138, 'Jan': 258, 'Astrid': 8, 'Creed': 7, 'Darryl': 107, 'Helene': 47, 'Carroll': 109, 'Gabe': 80, 'Carrol': 20}"
The Office,7,05,"{'Michael': 85, 'Oscar': 16, 'Pam': 10, 'Dwight': 56, 'Kevin': 12, 'Meredith': 15, 'Kelly': 3, 'Jim': 59, 'All': 4, 'Andy': 38, 'Phyllis': 8, 'Danny': 40, 'Angela': 2, 'Darryl': 23, 'Receptionist': 1, 'Steve': 5, 'Stanley': 5, 'Erin': 2, 'Ryan': 3, 'Creed': 2}","{'Michael': 1119, 'Oscar': 89, 'Pam': 85, 'Dwight': 503, 'Kevin': 77, 'Meredith': 138, 'Kelly': 19, 'Jim': 366, 'All': 36, 'Andy': 391, 'Phyllis': 45, 'Danny': 331, 'Angela': 6, 'Darryl': 132, 'Receptionist': 4, 'Steve': 26, 'Stanley': 24, 'Erin': 4, 'Ryan': 26, 'Creed': 9}"
The Office,7,06,"{'Andy': 16, 'Jim': 27, 'Stanley': 7, 'Kevin': 19, 'Michael': 59, 'All': 1, 'Pam': 24, 'Dwight': 14, 'Oscar': 8, 'Erin': 7, 'Gabe': 14, 'Danny': 28, 'Darryl': 26, 'Toby': 4, 'Ryan': 6, 'Kelly': 5, 'Creed': 3, 'Phyllis': 5, 'Angela': 5, 'Meredith': 1}","{'Andy': 213, 'Jim': 338, 'Stanley': 46, 'Kevin': 187, 'Michael': 829, 'All': 1, 'Pam': 303, 'Dwight': 222, 'Oscar': 115, 'Erin': 38, 'Gabe': 193, 'Danny': 227, 'Darryl': 179, 'Toby': 8, 'Ryan': 52, 'Kelly': 60, 'Creed': 39, 'Phyllis': 16, 'Angela': 92, 'Meredith': 7}"
The Office,7,07,"{'Pam': 33, 'Kelly': 2, 'Michael': 74, 'Jim': 38, 'Erin': 9, 'Dwight': 16, 'Angela': 8, 'Andy': 25, 'Ryan': 6, 'Toby': 3, 'Pastor': 6, 'All': 1, 'Lady': 1, 'Doug': 5, 'Stanley': 3, 'Kevin': 4, 'Girl': 9, 'Phyllis': 5, 'Woman': 3, 'Oscar': 2, 'Darryl': 2, 'Mee-Maw': 1, 'Students': 1, 'Guy': 8, 'Gabe': 2, 'MeeMaw': 1, 'Carla': 2, 'Helene': 1, 'Radio': 1}","{'Pam': 365, 'Kelly': 16, 'Michael': 907, 'Jim': 304, 'Erin': 80, 'Dwight': 274, 'Angela': 80, 'Andy': 257, 'Ryan': 62, 'Toby': 49, 'Pastor': 76, 'All': 2, 'Lady': 2, 'Doug': 50, 'Stanley': 37, 'Kevin': 43, 'Girl': 176, 'Phyllis': 39, 'Woman': 20, 'Oscar': 22, 'Darryl': 17, 'Mee-Maw': 11, 'Students': 1, 'Guy': 46, 'Gabe': 22, 'MeeMaw': 8, 'Carla': 8, 'Helene': 8, 'Radio': 40}"
The Office,7,08,"{'Erin': 42, 'Reporter': 2, 'Michael': 56, 'Kevin': 9, 'Dwight': 26, 'Angela': 9, 'Gabe': 18, 'Jim': 18, 'Kelly': 13, 'Andy': 27, 'Stanley': 1, 'Cece': 1, 'Pam': 23, 'Phyllis': 12, 'Oscar': 7, 'Ryan': 3, 'Daryl': 6, 'TV': 1, 'Creed': 4}","{'Erin': 328, 'Reporter': 16, 'Michael': 755, 'Kevin': 73, 'Dwight': 330, 'Angela': 68, 'Gabe': 178, 'Jim': 131, 'Kelly': 156, 'Andy': 240, 'Stanley': 1, 'Cece': 0, 'Pam': 277, 'Phyllis': 104, 'Oscar': 58, 'Ryan': 62, 'Daryl': 73, 'TV': 7, 'Creed': 23}"
The Office,7,09,"{'Dwight': 24, 'Michael': 66, 'Jim': 23, 'Pam': 28, 'Erin': 7, 'Andy': 10, 'Kevin': 9, 'Meridith': 2, 'Angela': 20, 'Ryan': 54, 'Guy': 1, 'Gabe': 7, 'Stanley': 7, 'Phyllis': 1, 'Phyliss': 1, 'Oscar': 5, 'Kids': 1, 'Kid': 1, 'Daryl': 10, 'Kelly': 5, 'Micheal': 1, 'Man': 10, 'Creed': 3, 'Jo': 2}","{'Dwight': 382, 'Michael': 691, 'Jim': 211, 'Pam': 258, 'Erin': 39, 'Andy': 74, 'Kevin': 46, 'Meridith': 7, 'Angela': 119, 'Ryan': 551, 'Guy': 6, 'Gabe': 133, 'Stanley': 75, 'Phyllis': 10, 'Phyliss': 8, 'Oscar': 44, 'Kids': 1, 'Kid': 6, 'Daryl': 97, 'Kelly': 84, 'Micheal': 1, 'Man': 102, 'Creed': 35, 'Jo': 58}"
The Office,7,10,"{'Dwight': 48, 'Jim': 27, 'Pam': 45, 'Hank': 3, 'Andy': 23, 'Michael': 56, 'Erin': 10, 'Darryl': 13, 'Stanley': 6, 'Nate': 13, 'Angela': 3, 'Phyllis': 3, 'Kevin': 8, 'Oscar': 25, 'Ryan': 7, 'Meredith': 2, 'Gabe': 1, 'Kelly': 8, 'Creed': 2, 'Passer-by': 5}","{'Dwight': 719, 'Jim': 260, 'Pam': 453, 'Hank': 24, 'Andy': 175, 'Michael': 728, 'Erin': 101, 'Darryl': 120, 'Stanley': 55, 'Nate': 76, 'Angela': 13, 'Phyllis': 30, 'Kevin': 53, 'Oscar': 254, 'Ryan': 48, 'Meredith': 10, 'Gabe': 8, 'Kelly': 65, 'Creed': 13, 'Passer-by': 14}"
The Office,7,11,"{'Nate': 4, 'Pam': 69, 'Michael': 127, 'Jim': 50, 'Kevin': 15, 'Andy': 28, 'Dwight': 38, 'Phyllis': 13, 'Erin': 18, 'All': 1, 'Meredith': 10, 'Angela': 26, 'Stanley': 5, 'Kelly': 14, 'Gabe': 6, 'Darryl': 23, 'Oscar': 10, 'Toby': 25, 'Ryan': 11, 'Creed': 4, 'Justine': 2, 'Holly': 50, 'Jada': 20, 'Robert': 5, 'AJ': 15, 'Darrly': 1}","{'Nate': 30, 'Pam': 783, 'Michael': 1753, 'Jim': 288, 'Kevin': 166, 'Andy': 294, 'Dwight': 391, 'Phyllis': 91, 'Erin': 128, 'All': 2, 'Meredith': 70, 'Angela': 223, 'Stanley': 75, 'Kelly': 166, 'Gabe': 68, 'Darryl': 295, 'Oscar': 62, 'Toby': 249, 'Ryan': 124, 'Creed': 16, 'Justine': 22, 'Holly': 460, 'Jada': 70, 'Robert': 23, 'AJ': 69, 'Darrly': 2}"
The Office,7,12,"{'Man': 3, 'Dwight': 34, 'Jim': 8, 'Member': 2, 'Michael': 75, 'Erin': 21, 'Angela': 7, 'Pam': 31, 'Phyllis': 9, 'Kelly': 10, 'Holly': 19, 'Kevin': 19, 'Andy': 21, 'Oscar': 3, 'Darryl': 21, 'Customer': 2, 'Gabe': 2, 'Creed': 13, 'Ryan': 6, 'DJ': 3, 'Meredith': 1}","{'Man': 28, 'Dwight': 372, 'Jim': 42, 'Member': 7, 'Michael': 883, 'Erin': 137, 'Angela': 14, 'Pam': 314, 'Phyllis': 77, 'Kelly': 47, 'Holly': 233, 'Kevin': 144, 'Andy': 214, 'Oscar': 24, 'Darryl': 213, 'Customer': 2, 'Gabe': 2, 'Creed': 83, 'Ryan': 49, 'DJ': 24, 'Meredith': 8}"
The Office,7,13,"{'Michael': 37, 'David': 12, 'Erin': 24, 'Andy': 47, 'Jim': 23, 'Pam': 18, 'Dwight': 19, 'Phyllis': 3, 'Stanley': 2, 'Holly': 12, 'Oscar': 14, 'Kevin': 8, 'Kelly': 12, 'Ryan': 8, 'Hank': 2, 'Gabe': 7, 'Guy': 2, 'Darryl': 3, 'Tom': 10}","{'Michael': 481, 'David': 91, 'Erin': 150, 'Andy': 669, 'Jim': 158, 'Pam': 148, 'Dwight': 120, 'Phyllis': 10, 'Stanley': 3, 'Holly': 74, 'Oscar': 105, 'Kevin': 134, 'Kelly': 130, 'Ryan': 44, 'Hank': 12, 'Gabe': 135, 'Guy': 25, 'Darryl': 30, 'Tom': 69}"
The Office,7,14,"{'Kelly': 9, 'Erin': 13, 'Phyllis': 10, 'Meredith': 3, 'Andy': 12, 'Ryan': 6, 'Pam': 34, 'Kevin': 6, 'Oscar': 11, 'Jim': 32, 'Michael': 42, 'Holly': 28, 'Helen': 5, 'Guy': 1, 'Attendant': 4, 'Dwight': 23, 'Gabe': 22, 'Darryl': 6, 'Darrly': 1, 'Office': 1, 'Waiter': 8, 'Micahel': 1, 'Stanley': 3, 'Angela': 1}","{'Kelly': 112, 'Erin': 119, 'Phyllis': 48, 'Meredith': 7, 'Andy': 32, 'Ryan': 84, 'Pam': 223, 'Kevin': 23, 'Oscar': 75, 'Jim': 310, 'Michael': 666, 'Holly': 191, 'Helen': 45, 'Guy': 1, 'Attendant': 33, 'Dwight': 285, 'Gabe': 325, 'Darryl': 57, 'Darrly': 3, 'Office': 1, 'Waiter': 45, 'Micahel': 6, 'Stanley': 13, 'Angela': 15}"
The Office,7,15,"{'Pam': 24, 'Darryl': 16, 'Andy': 37, 'Phyllis': 3, 'Holly': 36, 'Michael': 64, 'Gabe': 19, 'Erin': 38, 'Oscar': 15, 'Jim': 23, 'Dwight': 17, 'Angela': 6, 'Kevin': 11, 'Everyone': 1, 'Ryan': 6, 'Meredith': 1, 'Creed': 1, 'Stanley': 1, 'Hank': 2, 'Kelly': 1}","{'Pam': 203, 'Darryl': 118, 'Andy': 227, 'Phyllis': 35, 'Holly': 286, 'Michael': 705, 'Gabe': 253, 'Erin': 217, 'Oscar': 73, 'Jim': 122, 'Dwight': 155, 'Angela': 49, 'Kevin': 76, 'Everyone': 0, 'Ryan': 83, 'Meredith': 6, 'Creed': 12, 'Stanley': 3, 'Hank': 31, 'Kelly': 12}"
The Office,7,16,"{'Michael': 71, 'Delivery': 1, 'Erin': 1, 'Pam': 6, 'Creed': 1, 'Holly': 15, 'Narrator': 6, 'Samuel': 15, 'Dwight': 4, 'President': 7, 'Daryl': 1, 'Kevin': 4, 'Goldenface': 19, 'Jim': 4, 'Ryan': 2, 'Oscar': 2, 'Jan': 4, 'Helene': 3, 'Billy': 6, 'Karen': 2, 'Kelly': 1, 'Andy': 2, 'Hostage': 1, 'Rapper': 1}","{'Michael': 931, 'Delivery': 8, 'Erin': 32, 'Pam': 78, 'Creed': 2, 'Holly': 97, 'Narrator': 158, 'Samuel': 102, 'Dwight': 62, 'President': 96, 'Daryl': 35, 'Kevin': 26, 'Goldenface': 128, 'Jim': 47, 'Ryan': 41, 'Oscar': 9, 'Jan': 25, 'Helene': 18, 'Billy': 108, 'Karen': 20, 'Kelly': 6, 'Andy': 14, 'Hostage': 6, 'Rapper': 57}"
The Office,7,17,"{'Dwight': 31, 'Kevin': 13, 'Meredith': 3, 'Todd': 37, 'Michael': 47, 'Holly': 21, 'Jim': 29, 'Erin': 6, 'Gabe': 1, 'Pam': 32, 'Ryan': 4, 'Kelly': 3, 'Andy': 24, 'Stanley': 1, 'Phyllis': 1, 'Holy': 1, 'Oscar': 1, 'Angela': 1, 'Daryl': 4}","{'Dwight': 340, 'Kevin': 130, 'Meredith': 43, 'Todd': 430, 'Michael': 631, 'Holly': 140, 'Jim': 301, 'Erin': 61, 'Gabe': 4, 'Pam': 313, 'Ryan': 25, 'Kelly': 39, 'Andy': 372, 'Stanley': 9, 'Phyllis': 10, 'Holy': 7, 'Oscar': 26, 'Angela': 2, 'Daryl': 47}"
The Office,7,18,"{'Pam': 32, 'Oscar': 7, 'Dwight': 31, 'Jim': 24, 'Andy': 17, 'Meredith': 3, 'Kevin': 18, 'Michael': 72, 'Holly': 47, 'Lady': 1, 'Kelly': 3, 'Darryl': 10, 'Micahel': 1, 'Ryan': 9, 'Phyllis': 3, 'Stanley': 1, 'Gabe': 1, 'Angela': 1}","{'Pam': 329, 'Oscar': 79, 'Dwight': 376, 'Jim': 210, 'Andy': 116, 'Meredith': 7, 'Kevin': 143, 'Michael': 950, 'Holly': 293, 'Lady': 7, 'Kelly': 34, 'Darryl': 82, 'Micahel': 5, 'Ryan': 139, 'Phyllis': 67, 'Stanley': 3, 'Gabe': 4, 'Angela': 4}"
The Office,7,19,"{'Michael': 55, 'Waiter': 1, 'Deangelo': 70, 'Deangelo/Michael': 2, 'Oscar': 3, 'Kevin': 3, 'Dwight': 9, 'Kelly': 5, 'Darryl': 8, 'Angela': 3, 'Andy': 12, 'Pam': 8, 'Jim': 8, 'Meredith': 1, 'Stanley': 2, 'Erin': 10, 'Denagelo': 1, 'Ryan': 2, 'Phyllis': 1, 'Gabe': 4}","{'Michael': 590, 'Waiter': 6, 'Deangelo': 736, 'Deangelo/Michael': 2, 'Oscar': 47, 'Kevin': 29, 'Dwight': 129, 'Kelly': 40, 'Darryl': 69, 'Angela': 47, 'Andy': 142, 'Pam': 67, 'Jim': 57, 'Meredith': 4, 'Stanley': 10, 'Erin': 71, 'Denagelo': 2, 'Ryan': 6, 'Phyllis': 6, 'Gabe': 68}"
The Office,7,20,"{'Michael': 82, 'DeAngelo': 54, 'Jim': 23, 'Pam': 15, 'Stanley': 3, 'Meredith': 6, 'Erin': 12, 'Dwight': 13, 'Kevin': 6, 'Phyllis': 2, 'Ryan': 6, 'Andy': 4, 'Darryl': 3, '""Jo""': 4, '""Angela""': 1, 'Audience': 2, 'Angela': 1, 'Oscar': 6, '""Jim""': 1, '""Phyllis""': 1, 'Together': 1, 'Manager': 3, 'Gabe': 2, 'All': 4, 'Toby': 2, 'Women': 1, 'Creed': 1}","{'Michael': 1061, 'DeAngelo': 581, 'Jim': 179, 'Pam': 129, 'Stanley': 19, 'Meredith': 57, 'Erin': 175, 'Dwight': 164, 'Kevin': 36, 'Phyllis': 18, 'Ryan': 82, 'Andy': 59, 'Darryl': 18, '""Jo""': 48, '""Angela""': 7, 'Audience': 4, 'Angela': 11, 'Oscar': 37, '""Jim""': 15, '""Phyllis""': 15, 'Together': 2, 'Manager': 17, 'Gabe': 25, 'All': 53, 'Toby': 63, 'Women': 6, 'Creed': 6}"
The Office,7,21,"{'Michael': 116, 'Dwight': 15, 'DeAngelo': 24, 'Gabe': 10, 'Andy': 24, 'Jim': 18, 'Phyllis': 18, 'Angela': 12, 'Pam': 20, 'Meredith': 6, 'Stanley': 7, 'Kevin': 11, 'Oscar': 6, 'Holly': 6, 'Toby': 5, 'Kelly': 3, 'Ryan': 3, 'Erin': 12, 'abe': 1, 'Creed': 2, 'Rory': 2, 'Darryl': 3, 'DeAgnelo': 1, 'Client': 1}","{'Michael': 1487, 'Dwight': 160, 'DeAngelo': 403, 'Gabe': 97, 'Andy': 180, 'Jim': 174, 'Phyllis': 151, 'Angela': 83, 'Pam': 176, 'Meredith': 70, 'Stanley': 26, 'Kevin': 44, 'Oscar': 33, 'Holly': 50, 'Toby': 52, 'Kelly': 32, 'Ryan': 6, 'Erin': 85, 'abe': 20, 'Creed': 7, 'Rory': 21, 'Darryl': 33, 'DeAgnelo': 4, 'Client': 2}"
The Office,7,22,"{'Deangelo': 85, 'Toby': 1, 'Oscar': 2, 'Kevin': 12, 'Darryl': 6, 'Pam': 24, 'Jim': 39, 'Andy': 9, 'Dwight': 20, 'Gabe': 6, 'Ryan': 15, 'Kelly': 15, 'Phyllis': 4, 'Angela': 4, 'Erin': 3, 'Jordan': 9}","{'Deangelo': 994, 'Toby': 1, 'Oscar': 13, 'Kevin': 102, 'Darryl': 43, 'Pam': 278, 'Jim': 323, 'Andy': 183, 'Dwight': 172, 'Gabe': 46, 'Ryan': 241, 'Kelly': 184, 'Phyllis': 24, 'Angela': 59, 'Erin': 8, 'Jordan': 50}"
The Office,7,23,"{'Pam': 11, 'Dwight': 73, 'Phyllis': 5, 'Jim': 28, 'All': 2, 'Angela': 11, 'Erin': 13, 'Kelly': 6, 'Andy': 26, 'Gabe': 20, 'Kevin': 20, 'Creed': 2, 'Jordan': 2, 'Oscar': 4, 'Meredith': 1, 'Toby': 6, 'Darryl': 5, 'Stanley': 1, 'Ryan': 2, 'Jo': 13}","{'Pam': 83, 'Dwight': 928, 'Phyllis': 28, 'Jim': 544, 'All': 29, 'Angela': 47, 'Erin': 82, 'Kelly': 74, 'Andy': 198, 'Gabe': 273, 'Kevin': 113, 'Creed': 14, 'Jordan': 8, 'Oscar': 33, 'Meredith': 19, 'Toby': 58, 'Darryl': 35, 'Stanley': 6, 'Ryan': 12, 'Jo': 193}"
The Office,7,24,"{'Creed': 17, 'Jim': 90, 'Pam': 32, 'Kevin': 14, 'Fred': 9, 'Toby': 13, 'Gabe': 30, 'Stanley': 4, 'Darryl': 27, 'Phyllis': 20, 'Andy': 26, 'Erin': 23, 'Dwight': 42, 'Warren': 2, 'Angela': 11, 'Robert': 10, 'Merv': 10, 'Kelly': 17, 'Meredith': 6, 'Oscar': 22, 'Ryan': 11, 'Nellie': 9, 'Jo': 28, 'Jordan': 2, 'All': 1, 'Jada': 2}","{'Creed': 237, 'Jim': 904, 'Pam': 225, 'Kevin': 146, 'Fred': 115, 'Toby': 131, 'Gabe': 363, 'Stanley': 69, 'Darryl': 277, 'Phyllis': 248, 'Andy': 408, 'Erin': 206, 'Dwight': 552, 'Warren': 36, 'Angela': 235, 'Robert': 252, 'Merv': 175, 'Kelly': 287, 'Meredith': 51, 'Oscar': 143, 'Ryan': 165, 'Nellie': 199, 'Jo': 367, 'Jordan': 6, 'All': 9, 'Jada': 25}"
The Office,8,01,"{'Andy': 41, 'Dwight': 30, 'Kelly': 5, 'Jim': 32, 'Pam': 17, 'Angela': 6, 'Erin': 7, 'Robert': 31, 'Phyllis': 10, 'Stanley': 6, 'Kevin': 9, 'Meredith': 3, 'Everyone': 2, 'Oscar': 4, 'Darryl': 3, 'Ryan': 2, 'Creed': 1, 'Toby': 1, 'All': 1, 'Waiter': 2, 'Gabe': 1}","{'Andy': 673, 'Dwight': 254, 'Kelly': 61, 'Jim': 263, 'Pam': 156, 'Angela': 34, 'Erin': 43, 'Robert': 389, 'Phyllis': 47, 'Stanley': 44, 'Kevin': 41, 'Meredith': 17, 'Everyone': 2, 'Oscar': 21, 'Darryl': 13, 'Ryan': 51, 'Creed': 18, 'Toby': 4, 'All': 1, 'Waiter': 29, 'Gabe': 48}"
The Office,8,02,"{'Jim': 39, 'Kevin': 18, 'Pam': 30, 'Oscar': 7, 'Angela': 14, 'Andy': 76, 'Dwight': 18, 'Phyllis': 8, 'Ryan': 5, 'Stanley': 5, 'Erin': 18, 'Darryl': 4, 'Robert': 19, 'Meredith': 5, 'Justine': 3, 'Kelly': 3, 'Group': 2, 'All': 1, 'Toby': 1}","{'Jim': 493, 'Kevin': 116, 'Pam': 206, 'Oscar': 36, 'Angela': 112, 'Andy': 902, 'Dwight': 176, 'Phyllis': 59, 'Ryan': 25, 'Stanley': 49, 'Erin': 175, 'Darryl': 39, 'Robert': 242, 'Meredith': 16, 'Justine': 13, 'Kelly': 21, 'Group': 2, 'All': 2, 'Toby': 5}"
The Office,8,03,"{'Dwight': 34, 'Oscar': 16, 'Erin': 9, 'Jim': 51, 'Andy': 54, 'Darryl': 43, 'Kelly': 5, 'Kevin': 19, 'Meredith': 2, 'Pam': 21, 'Phyllis': 4, 'Ryan': 4, 'Angela': 3, 'Gideon': 2, 'Nate': 3, 'Bruce': 1}","{'Dwight': 327, 'Oscar': 144, 'Erin': 43, 'Jim': 543, 'Andy': 713, 'Darryl': 438, 'Kelly': 28, 'Kevin': 166, 'Meredith': 13, 'Pam': 205, 'Phyllis': 36, 'Ryan': 40, 'Angela': 19, 'Gideon': 25, 'Nate': 92, 'Bruce': 2}"
The Office,8,04,"{'Jim': 17, 'Andy': 56, 'Pam': 13, 'Erin': 2, 'Meredith': 6, 'Dwight': 16, 'Ryan': 6, 'Oscar': 10, 'Kelly': 3, 'Phyllis': 2, 'Darryl': 8, 'Stanley': 1, 'Kevin': 4, 'Angela': 10, 'Robert': 15, 'Toby': 5, 'Mose': 5, 'Walter': 19, 'Ellen': 3, 'Waiter': 1, 'Gabe': 2}","{'Jim': 136, 'Andy': 615, 'Pam': 96, 'Erin': 8, 'Meredith': 76, 'Dwight': 168, 'Ryan': 60, 'Oscar': 68, 'Kelly': 20, 'Phyllis': 10, 'Darryl': 113, 'Stanley': 16, 'Kevin': 34, 'Angela': 146, 'Robert': 239, 'Toby': 28, 'Mose': 41, 'Walter': 137, 'Ellen': 12, 'Waiter': 11, 'Gabe': 24}"
The Office,8,05,"{'Andy': 23, 'Kevin': 8, 'Phyllis': 6, 'Kelly': 12, 'Meredith': 5, 'Erin': 30, 'Darryl': 8, 'Jim': 25, 'Ryan': 2, 'Dwight': 17, 'Pam': 25, 'Oscar': 10, 'Robert': 29, 'Bert': 19, 'Gabe': 7, 'Toby': 6, 'Gabe/Kelly/Toby': 1, 'Angela': 3, 'Stanley': 3, 'Creed': 3}","{'Andy': 240, 'Kevin': 56, 'Phyllis': 40, 'Kelly': 87, 'Meredith': 80, 'Erin': 330, 'Darryl': 30, 'Jim': 334, 'Ryan': 11, 'Dwight': 141, 'Pam': 213, 'Oscar': 63, 'Robert': 517, 'Bert': 147, 'Gabe': 58, 'Toby': 37, 'Gabe/Kelly/Toby': 12, 'Angela': 18, 'Stanley': 40, 'Creed': 14}"
The Office,8,06,"{'Andy': 50, 'Erin': 7, 'Jim': 37, 'Andy/Stanley': 1, 'Robert': 32, 'Dwight': 40, 'Darryl': 13, 'Val': 9, 'Gabe': 19, 'Toby': 7, 'Kevin': 7, 'Kelly': 5, 'Ryan': 2, 'Stanley': 4, 'Oscar': 9, 'Phyllis': 2, 'Angela': 6, 'Pam': 20}","{'Andy': 506, 'Erin': 50, 'Jim': 284, 'Andy/Stanley': 9, 'Robert': 228, 'Dwight': 584, 'Darryl': 99, 'Val': 50, 'Gabe': 241, 'Toby': 48, 'Kevin': 28, 'Kelly': 45, 'Ryan': 21, 'Stanley': 54, 'Oscar': 72, 'Phyllis': 15, 'Angela': 45, 'Pam': 138}"
The Office,8,07,"{'Andy': 40, 'Erin': 13, 'Client': 3, 'Dwight': 47, 'Darryl': 20, 'Pam': 56, 'Cathy': 10, 'Ryan': 6, 'Jim': 32, 'Gabe': 2, 'Toby': 4, 'Oscar': 4, 'Offscreen': 1, 'Phyllis': 2, 'Val': 3, 'Kevin': 13, 'Robert': 10, 'Kelly': 6, 'Curtis': 2, 'Drummer': 1, 'Creed': 2}","{'Andy': 413, 'Erin': 66, 'Client': 16, 'Dwight': 562, 'Darryl': 168, 'Pam': 440, 'Cathy': 62, 'Ryan': 62, 'Jim': 116, 'Gabe': 30, 'Toby': 52, 'Oscar': 24, 'Offscreen': 2, 'Phyllis': 9, 'Val': 20, 'Kevin': 75, 'Robert': 70, 'Kelly': 119, 'Curtis': 6, 'Drummer': 3, 'Creed': 9}"
The Office,8,08,"{'Gabe': 7, 'Kelly': 5, 'Andy': 49, 'Pam': 11, 'Phyllis': 11, 'Ryan': 10, 'Oscar': 18, 'Meredith': 1, 'Jim': 22, 'Erin': 16, 'Everyone': 4, 'Angela': 1, 'Dwight': 24, 'Darryl': 13, 'Kevin': 12, 'Robert': 20, 'Stanley': 3, 'Chelsea': 1, 'Man': 1, 'Archivist': 2, 'Narrator': 2, 'Soldier': 1, 'Amanda': 1}","{'Gabe': 151, 'Kelly': 26, 'Andy': 770, 'Pam': 107, 'Phyllis': 91, 'Ryan': 186, 'Oscar': 106, 'Meredith': 2, 'Jim': 266, 'Erin': 79, 'Everyone': 15, 'Angela': 10, 'Dwight': 262, 'Darryl': 99, 'Kevin': 196, 'Robert': 197, 'Stanley': 86, 'Chelsea': 3, 'Man': 4, 'Archivist': 18, 'Narrator': 50, 'Soldier': 36, 'Amanda': 75}"
The Office,8,09,"{'Dwight': 41, 'Creed': 2, 'Oscar': 10, 'Jim': 24, 'Darryl': 22, 'Andy': 51, 'Robert': 35, 'Ryan': 2, 'Susan': 44, 'Erin': 7, 'Phyllis': 3, 'Angela': 2, 'Toby': 3, 'Andy/Oscar': 1, 'Kevin': 1, 'Gabe': 1, 'Kathy': 1}","{'Dwight': 515, 'Creed': 14, 'Oscar': 88, 'Jim': 339, 'Darryl': 165, 'Andy': 478, 'Robert': 461, 'Ryan': 30, 'Susan': 391, 'Erin': 45, 'Phyllis': 24, 'Angela': 7, 'Toby': 15, 'Andy/Oscar': 18, 'Kevin': 8, 'Gabe': 5, 'Kathy': 2}"
The Office,8,10,"{'Andy': 74, 'Stanley': 3, 'Meredith': 18, 'Dwight': 22, 'Jim': 36, 'Creed': 2, 'Kelly': 7, 'Erin': 35, 'Robert': 22, 'Kevin': 8, 'Oscar': 7, 'Jessica': 20, 'Darryl': 9, 'Val': 7, 'Nate': 4, 'Ryan': 10, 'Phyllis': 7, 'Toby': 4, 'Angela': 2, 'Kathy': 3}","{'Andy': 701, 'Stanley': 13, 'Meredith': 134, 'Dwight': 234, 'Jim': 304, 'Creed': 20, 'Kelly': 59, 'Erin': 292, 'Robert': 263, 'Kevin': 44, 'Oscar': 20, 'Jessica': 86, 'Darryl': 95, 'Val': 36, 'Nate': 51, 'Ryan': 48, 'Phyllis': 29, 'Toby': 29, 'Angela': 16, 'Kathy': 8}"
The Office,8,11,"{'Kevin': 16, 'All': 2, 'Dwight': 29, 'Oscar': 17, 'Jim': 17, 'Andy': 38, 'Erin': 6, 'Darryl': 9, 'Angela': 1, 'Receptionist': 4, 'Gabe': 19, 'Robert': 13, 'Meredith': 7, 'Phyllis': 3, 'Stanley': 4, 'Host': 25, 'Creed': 1, 'Cathy': 1, 'Ryan': 6, 'Kelly': 6, 'Stu': 1, 'Announcer': 4, 'Einsteins': 1, 'Group': 1}","{'Kevin': 89, 'All': 3, 'Dwight': 307, 'Oscar': 201, 'Jim': 139, 'Andy': 491, 'Erin': 32, 'Darryl': 71, 'Angela': 9, 'Receptionist': 38, 'Gabe': 203, 'Robert': 335, 'Meredith': 26, 'Phyllis': 28, 'Stanley': 27, 'Host': 398, 'Creed': 18, 'Cathy': 7, 'Ryan': 47, 'Kelly': 75, 'Stu': 3, 'Announcer': 27, 'Einsteins': 1, 'Group': 1}"
The Office,8,12,"{'Dwight': 45, 'Stanley': 5, 'Jim': 17, 'Erin': 46, 'Oscar': 11, 'Robert': 23, 'Andy': 40, 'Kevin': 8, 'Meredith': 8, 'Angela': 3, 'Cathy': 3, 'Gabe': 7, 'Ryan': 10, 'Jessica': 15, 'Darryl': 7, 'Val': 7, 'Toby': 6, 'Kelly': 5, 'All': 2, 'Both': 1, 'Phyllis': 2, 'Kathy': 1}","{'Dwight': 320, 'Stanley': 35, 'Jim': 162, 'Erin': 300, 'Oscar': 59, 'Robert': 517, 'Andy': 257, 'Kevin': 71, 'Meredith': 74, 'Angela': 12, 'Cathy': 17, 'Gabe': 48, 'Ryan': 81, 'Jessica': 56, 'Darryl': 60, 'Val': 30, 'Toby': 24, 'Kelly': 47, 'All': 6, 'Both': 2, 'Phyllis': 22, 'Kathy': 4}"
The Office,8,13,"{'Andy': 41, 'Val': 3, 'Erin': 13, 'Jim': 66, 'Phyllis': 10, 'Dwight': 47, 'Kevin': 11, 'Darryl': 11, 'Ryan': 2, 'Oscar': 23, 'Gabe': 3, 'Meredith': 1, 'Stanley': 6, 'Toby': 5, 'Angela': 28, 'Ernesto': 3, 'Nate': 3, 'Creed': 5, 'Pam': 28, 'All': 1, 'Cece': 6, 'Kelly': 2, 'Nurse': 1}","{'Andy': 470, 'Val': 15, 'Erin': 91, 'Jim': 695, 'Phyllis': 54, 'Dwight': 584, 'Kevin': 76, 'Darryl': 104, 'Ryan': 16, 'Oscar': 193, 'Gabe': 25, 'Meredith': 13, 'Stanley': 100, 'Toby': 38, 'Angela': 194, 'Ernesto': 7, 'Nate': 68, 'Creed': 33, 'Pam': 176, 'All': 1, 'Cece': 8, 'Kelly': 21, 'Nurse': 3}"
The Office,8,14,"{'Jim': 28, 'Pam': 27, 'All': 1, 'Andy': 40, 'Phyllis': 2, 'Stanley': 5, 'Angela': 8, 'Dwight': 53, 'Kelly': 7, 'Oscar': 4, 'Group': 2, 'Kevin': 5, 'Erin': 10, 'Darryl': 19, 'Val': 8, 'Nate': 11, 'Kathy': 2, 'Bob': 4, 'Meredith': 2, 'Ryan': 10, 'Toby': 2}","{'Jim': 256, 'Pam': 213, 'All': 1, 'Andy': 392, 'Phyllis': 16, 'Stanley': 64, 'Angela': 114, 'Dwight': 838, 'Kelly': 60, 'Oscar': 26, 'Group': 3, 'Kevin': 74, 'Erin': 107, 'Darryl': 124, 'Val': 34, 'Nate': 130, 'Kathy': 33, 'Bob': 45, 'Meredith': 18, 'Ryan': 165, 'Toby': 15}"
The Office,8,15,"{'Dwight': 47, 'Erin': 17, 'Stanley': 12, 'Jim': 28, 'Cathy': 4, 'Saleswoman': 1, 'Ryan': 8, 'Andy': 18, 'Creed': 2, 'Darryl': 4, 'Meredith': 2, 'Oscar': 1, 'Pam': 10, 'Everyone': 2, 'Kelly': 3, 'Packer': 14, 'Nellie': 27, 'Paramedic': 2, 'Kevin': 1}","{'Dwight': 607, 'Erin': 100, 'Stanley': 102, 'Jim': 251, 'Cathy': 42, 'Saleswoman': 4, 'Ryan': 45, 'Andy': 201, 'Creed': 15, 'Darryl': 80, 'Meredith': 23, 'Oscar': 9, 'Pam': 87, 'Everyone': 7, 'Kelly': 35, 'Packer': 124, 'Nellie': 536, 'Paramedic': 11, 'Kevin': 19}"
The Office,8,16,"{'Pam': 13, 'Angela': 8, 'Oscar': 6, 'Angela/Pam': 1, 'Nellie': 24, 'Packer': 9, 'Dwight': 54, 'Jim': 52, 'Cathy': 27, 'Andy': 17, 'Gabe': 4, 'Ryan': 17, 'Erin': 18, 'Waitress': 1, 'Kevin': 4, 'Phyllis': 4, 'Kelly': 7, 'Darryl': 13, 'Val': 8, 'Brandon': 12, 'Everyone': 2, 'Stanley': 5}","{'Pam': 127, 'Angela': 35, 'Oscar': 52, 'Angela/Pam': 1, 'Nellie': 245, 'Packer': 62, 'Dwight': 584, 'Jim': 380, 'Cathy': 220, 'Andy': 188, 'Gabe': 33, 'Ryan': 126, 'Erin': 137, 'Waitress': 3, 'Kevin': 25, 'Phyllis': 30, 'Kelly': 115, 'Darryl': 81, 'Val': 52, 'Brandon': 82, 'Everyone': 2, 'Stanley': 25}"
The Office,8,17,"{'Dwight': 42, 'Ryan': 17, 'Nellie': 18, 'Jim': 27, 'Cathy': 3, 'Andy': 22, 'Kevin': 8, 'Kelly': 9, 'Phyllis': 2, 'Darryl': 4, 'Meredith': 3, 'Angela': 9, 'Pam': 10, 'Oscar': 6, 'Man': 1, 'Erin': 5, 'Blogger': 4, 'Toby': 18, 'Creed': 1, 'Everyone': 1, 'Patty': 1, 'Lady': 5, 'Girl': 4, 'Stanley': 1, 'Crowd': 2, 'Others': 1}","{'Dwight': 582, 'Ryan': 258, 'Nellie': 271, 'Jim': 376, 'Cathy': 14, 'Andy': 300, 'Kevin': 92, 'Kelly': 111, 'Phyllis': 18, 'Darryl': 33, 'Meredith': 20, 'Angela': 46, 'Pam': 74, 'Oscar': 54, 'Man': 2, 'Erin': 57, 'Blogger': 22, 'Toby': 281, 'Creed': 1, 'Everyone': 2, 'Patty': 1, 'Lady': 54, 'Girl': 22, 'Stanley': 3, 'Crowd': 2, 'Others': 1}"
The Office,8,18,"{'Andy': 18, 'Everyone': 1, 'Angela': 3, 'Phyllis': 5, 'Oscar': 2, 'Creed': 1, 'Dwight': 37, 'Nellie': 12, 'Jim': 41, 'Darryl': 22, 'Toby': 15, 'Erin': 12, 'Irene': 6, 'Kevin': 14, 'Gabe': 1, 'Pam': 7, 'Stanley': 2, 'Kelly': 3, 'Cathy': 1, 'Ryan': 2}","{'Andy': 273, 'Everyone': 4, 'Angela': 17, 'Phyllis': 29, 'Oscar': 13, 'Creed': 7, 'Dwight': 373, 'Nellie': 171, 'Jim': 334, 'Darryl': 233, 'Toby': 131, 'Erin': 97, 'Irene': 60, 'Kevin': 164, 'Gabe': 13, 'Pam': 71, 'Stanley': 8, 'Kelly': 73, 'Cathy': 7, 'Ryan': 9}"
The Office,8,19,"{'Pam': 14, 'Jim': 34, 'Oscar': 1, 'Kevin': 7, 'Ryan': 1, 'Dwight': 16, 'Meredith': 2, 'Darryl': 7, 'Phyllis': 3, 'Nellie': 36, 'Toby': 3, 'Erin': 27, 'Alonzo': 1, 'Robert': 20, 'Andy': 26, 'Irene': 15, 'Glenn': 4, 'Angela': 1, 'Stanley': 1, 'All': 1}","{'Pam': 131, 'Jim': 261, 'Oscar': 17, 'Kevin': 49, 'Ryan': 10, 'Dwight': 121, 'Meredith': 12, 'Darryl': 15, 'Phyllis': 17, 'Nellie': 590, 'Toby': 58, 'Erin': 255, 'Alonzo': 4, 'Robert': 237, 'Andy': 309, 'Irene': 159, 'Glenn': 24, 'Angela': 17, 'Stanley': 4, 'All': 4}"
The Office,8,20,"{'Pam': 27, 'Jim': 36, 'Phyllis': 7, 'Oscar': 11, 'Angela': 8, 'Dwight': 22, 'Gabe': 2, 'Robert': 18, 'Nellie': 21, 'Kevin': 2, 'Stanley': 1, 'Andy': 44, 'Erin': 22, 'Lauren': 11, 'Jessica': 13, 'Megan': 7, 'Darryl': 1, 'Ryan': 3, 'All': 3, 'Kenny': 5, 'Creed': 1, 'Magician': 10, 'Woman': 1, 'Various': 1, 'Hank': 4}","{'Pam': 276, 'Jim': 336, 'Phyllis': 49, 'Oscar': 109, 'Angela': 82, 'Dwight': 199, 'Gabe': 12, 'Robert': 204, 'Nellie': 363, 'Kevin': 6, 'Stanley': 3, 'Andy': 526, 'Erin': 144, 'Lauren': 96, 'Jessica': 101, 'Megan': 50, 'Darryl': 28, 'Ryan': 22, 'All': 8, 'Kenny': 20, 'Creed': 6, 'Magician': 172, 'Woman': 2, 'Various': 4, 'Hank': 33}"
The Office,8,21,"{'Darryl': 4, 'Phyllis': 5, 'Oscar': 6, 'Pam': 25, 'Jim': 16, 'Andy': 46, 'Erin': 21, 'Kevin': 8, 'Nellie': 30, 'Ravi': 1, 'Kelly': 10, 'Ryan': 25, 'Robert': 14, 'Angela': 6, 'Dwight': 11, 'Creed': 2, 'All': 1, 'Gabe': 4, 'Stanley': 1, 'Toby': 1, 'Nate': 1, 'Wrangler': 2}","{'Darryl': 45, 'Phyllis': 35, 'Oscar': 47, 'Pam': 251, 'Jim': 105, 'Andy': 496, 'Erin': 146, 'Kevin': 52, 'Nellie': 224, 'Ravi': 38, 'Kelly': 80, 'Ryan': 385, 'Robert': 178, 'Angela': 19, 'Dwight': 106, 'Creed': 14, 'All': 1, 'Gabe': 57, 'Stanley': 2, 'Toby': 11, 'Nate': 32, 'Wrangler': 11}"
The Office,8,22,"{'Ryan': 15, 'Pam': 22, 'Jim': 22, 'Nellie': 11, 'Dwight': 11, 'Oscar': 12, 'Darryl': 13, 'Robert': 13, 'Erin': 7, 'Phyllis': 1, 'Andy': 34, 'Angela': 2, 'Kevin': 13, 'Creed': 1, 'Senator': 5, 'Meredith': 1, 'Stanley': 1, 'Waiter': 2, 'David': 4, 'Speaker': 6, 'Vet': 6}","{'Ryan': 198, 'Pam': 166, 'Jim': 189, 'Nellie': 110, 'Dwight': 157, 'Oscar': 114, 'Darryl': 72, 'Robert': 189, 'Erin': 73, 'Phyllis': 11, 'Andy': 460, 'Angela': 18, 'Kevin': 201, 'Creed': 8, 'Senator': 53, 'Meredith': 5, 'Stanley': 7, 'Waiter': 10, 'David': 49, 'Speaker': 100, 'Vet': 109}"
The Office,8,23,"{'Gabe': 9, 'Dwight': 51, 'Jim': 44, 'All': 1, 'Robert': 30, 'Andy': 24, 'Erin': 7, 'Stanley': 1, 'Phyllis': 1, 'Oscar': 1, 'Nellie': 13, 'Pam': 22, 'Harry': 25, 'Toby': 5, 'Receptionist': 4, 'Angela:': 1, 'Phone': 4, 'David': 3}","{'Gabe': 115, 'Dwight': 419, 'Jim': 301, 'All': 3, 'Robert': 293, 'Andy': 316, 'Erin': 45, 'Stanley': 5, 'Phyllis': 12, 'Oscar': 4, 'Nellie': 141, 'Pam': 134, 'Harry': 283, 'Toby': 46, 'Receptionist': 22, 'Angela:': 15, 'Phone': 83, 'David': 29}"
The Office,8,24,"{'Oscar': 10, 'Phyllis': 5, 'Dwight': 20, 'Kelly': 4, 'Pam': 22, 'Robert': 14, 'Kevin': 2, 'Jake': 1, 'Angela': 15, 'Darryl': 12, 'Hide': 2, 'Calvin': 3, 'Andy': 40, 'Jim': 28, 'Gabe': 2, 'Nellie': 16, 'Creed': 1, 'Photographer': 2, 'Erin': 8, 'Brandon': 5, 'Val': 4, 'Toby': 4, 'Others': 1, 'David': 16, 'Stanley': 1, 'Mose': 2, 'Meredith': 1}","{'Oscar': 122, 'Phyllis': 22, 'Dwight': 173, 'Kelly': 50, 'Pam': 113, 'Robert': 252, 'Kevin': 16, 'Jake': 5, 'Angela': 82, 'Darryl': 142, 'Hide': 6, 'Calvin': 18, 'Andy': 413, 'Jim': 161, 'Gabe': 10, 'Nellie': 97, 'Creed': 9, 'Photographer': 8, 'Erin': 96, 'Brandon': 53, 'Val': 9, 'Toby': 41, 'Others': 1, 'David': 158, 'Stanley': 6, 'Mose': 7, 'Meredith': 4}"
The Office,9,01,"{'Doctor': 1, 'Pam': 17, 'Jim': 14, 'Toby': 7, 'Kelly': 1, 'Off-camera': 2, 'Clark': 20, 'Stanley': 2, 'Nellie': 9, 'Meredith': 2, 'Erin': 1, 'Andy': 25, 'Pete': 11, 'Darryl': 3, 'Dwight': 31, 'Angela': 13, 'Kevin': 3, 'Oscar': 6, 'David': 1, 'Rafe': 1}","{'Doctor': 11, 'Pam': 139, 'Jim': 132, 'Toby': 100, 'Kelly': 4, 'Off-camera': 13, 'Clark': 151, 'Stanley': 15, 'Nellie': 65, 'Meredith': 11, 'Erin': 17, 'Andy': 326, 'Pete': 67, 'Darryl': 23, 'Dwight': 288, 'Angela': 159, 'Kevin': 16, 'Oscar': 31, 'David': 10, 'Rafe': 1}"
The Office,9,02,"{'Kevin': 9, 'Pam': 27, 'Erin': 28, 'Andy': 30, 'Creed': 2, 'Jim': 31, 'Pete': 10, 'Clark': 20, 'Nellie': 29, 'Roy': 10, 'Darryl': 8, 'Server': 2, 'Stanley': 1, 'Angela': 6, 'Toby': 5, 'Dwight': 24, 'Kenny': 1, 'Oscar': 5, 'Phyllis': 1, 'Meredith': 1}","{'Kevin': 69, 'Pam': 326, 'Erin': 241, 'Andy': 283, 'Creed': 17, 'Jim': 226, 'Pete': 84, 'Clark': 268, 'Nellie': 269, 'Roy': 145, 'Darryl': 60, 'Server': 9, 'Stanley': 3, 'Angela': 51, 'Toby': 28, 'Dwight': 166, 'Kenny': 16, 'Oscar': 53, 'Phyllis': 6, 'Meredith': 15}"
The Office,9,03,"{'Dwight': 18, 'Voicemail': 2, 'Pam': 27, 'Erin': 19, 'Darryl': 27, 'Nellie': 27, 'Andy': 35, 'Pete': 4, 'Clark': 2, 'Jim': 16, 'Oscar': 7, 'Phyllis': 3, 'Angela': 2, 'Kevin': 3, 'Meredith': 1}","{'Dwight': 148, 'Voicemail': 9, 'Pam': 270, 'Erin': 101, 'Darryl': 205, 'Nellie': 367, 'Andy': 560, 'Pete': 26, 'Clark': 20, 'Jim': 158, 'Oscar': 103, 'Phyllis': 33, 'Angela': 8, 'Kevin': 13, 'Meredith': 6}"
The Office,9,04,"{'Andy': 40, 'Group': 18, 'Kevin': 15, 'Oscar': 14, 'Dwight': 33, 'Jim': 54, 'Darryl': 10, 'Phyllis': 5, 'Stanley': 10, 'Toby': 2, 'Pam': 27, 'Nellie': 21, 'Meredith': 5, 'Clark': 11, 'Creed': 2, 'Angela': 3, 'Pete': 2, 'Erin': 8}","{'Andy': 434, 'Group': 45, 'Kevin': 102, 'Oscar': 98, 'Dwight': 452, 'Jim': 524, 'Darryl': 44, 'Phyllis': 19, 'Stanley': 59, 'Toby': 14, 'Pam': 170, 'Nellie': 141, 'Meredith': 27, 'Clark': 50, 'Creed': 8, 'Angela': 25, 'Pete': 8, 'Erin': 93}"
The Office,9,05,"{'Erin': 21, 'Dwight': 28, 'Jim': 34, 'Pam': 29, 'Andy': 41, 'Angela': 6, 'HCT': 13, 'Darryl': 6, 'Stanley': 2, 'Clark': 4, 'Meredith': 5, 'Nellie': 18, 'Pete': 1, 'Oscar': 3, 'Toby': 5, 'All': 1, 'Kevin': 1}","{'Erin': 151, 'Dwight': 337, 'Jim': 296, 'Pam': 202, 'Andy': 492, 'Angela': 82, 'HCT': 14, 'Darryl': 41, 'Stanley': 18, 'Clark': 38, 'Meredith': 31, 'Nellie': 132, 'Pete': 10, 'Oscar': 16, 'Toby': 19, 'All': 1, 'Kevin': 9}"
The Office,9,06,"{'Andy': 43, 'White': 1, 'Pam': 10, 'Jim': 8, 'Oscar': 19, 'Kevin': 17, 'Creed': 1, 'Meredith': 3, 'Dwight': 25, 'Darryl': 4, 'Angela': 11, 'Erin': 37, 'Nellie': 14, 'Pete': 9, 'Toby': 8, 'All': 1}","{'Andy': 466, 'White': 8, 'Pam': 152, 'Jim': 76, 'Oscar': 152, 'Kevin': 159, 'Creed': 7, 'Meredith': 37, 'Dwight': 276, 'Darryl': 34, 'Angela': 105, 'Erin': 295, 'Nellie': 278, 'Pete': 72, 'Toby': 77, 'All': 7}"
The Office,9,07,"{'Andy': 7, 'Everyone': 2, 'Pam': 42, 'Phyllis': 13, 'Darryl': 2, 'Erin': 15, 'Dwight': 49, 'David': 6, 'Jim': 19, 'Nellie': 5, 'Meredith': 4, 'Creed': 1, 'Pete': 9, 'Angela': 20, 'Oscar': 16, 'Kevin': 1, 'Hank': 2, 'Secretary': 2, 'Jan': 22, 'Molly': 3, 'Clark': 2, 'Colin': 4}","{'Andy': 109, 'Everyone': 2, 'Pam': 393, 'Phyllis': 155, 'Darryl': 16, 'Erin': 114, 'Dwight': 570, 'David': 84, 'Jim': 173, 'Nellie': 104, 'Meredith': 28, 'Creed': 3, 'Pete': 53, 'Angela': 190, 'Oscar': 145, 'Kevin': 6, 'Hank': 8, 'Secretary': 15, 'Jan': 194, 'Molly': 59, 'Clark': 12, 'Colin': 35}"
The Office,9,08,"{'Oscar': 18, 'Angela': 50, 'Dwight': 50, 'Pam': 16, 'Meredith': 8, 'Jim': 25, 'David': 3, 'Stanley': 14, 'Kevin': 14, 'Pete': 18, 'Darryl': 5, 'Trevor': 20, 'Hide': 3, 'Erin': 5, 'Everyone': 8, 'Creed': 3, 'Waiter': 2, 'Nellie': 9, 'Phyllis': 8, 'Toby': 8}","{'Oscar': 170, 'Angela': 388, 'Dwight': 556, 'Pam': 239, 'Meredith': 37, 'Jim': 294, 'David': 37, 'Stanley': 77, 'Kevin': 95, 'Pete': 195, 'Darryl': 28, 'Trevor': 185, 'Hide': 11, 'Erin': 52, 'Everyone': 10, 'Creed': 24, 'Waiter': 11, 'Nellie': 59, 'Phyllis': 74, 'Toby': 40}"
The Office,9,09,"{'Jim': 54, 'Pam': 32, 'Dwight': 53, 'Erin': 22, 'Angela': 10, 'Nellie': 10, 'Kevin': 12, 'Phyllis': 10, 'Meredith': 5, 'Stanley': 5, 'Pete': 22, 'Darryl': 13, 'Toby': 8, 'Oscar': 5}","{'Jim': 454, 'Pam': 237, 'Dwight': 783, 'Erin': 210, 'Angela': 55, 'Nellie': 59, 'Kevin': 116, 'Phyllis': 127, 'Meredith': 43, 'Stanley': 26, 'Pete': 205, 'Darryl': 63, 'Toby': 91, 'Oscar': 62}"
The Office,9,10,"{'Kevin': 9, 'Jim': 19, 'Darryl': 11, 'Erin': 22, 'Pam': 37, 'Worker': 1, 'Val': 11, 'Meredith': 16, 'Angela': 14, 'Dwight': 13, 'Oscar': 9, 'Phyllis': 8, 'Nellie': 8, 'Stanley': 3, 'Creed': 3, 'Julius': 7, 'Pete': 5, 'Helene': 2, 'Both': 1}","{'Kevin': 50, 'Jim': 195, 'Darryl': 135, 'Erin': 280, 'Pam': 367, 'Worker': 3, 'Val': 57, 'Meredith': 191, 'Angela': 93, 'Dwight': 196, 'Oscar': 34, 'Phyllis': 58, 'Nellie': 201, 'Stanley': 21, 'Creed': 25, 'Julius': 61, 'Pete': 34, 'Helene': 41, 'Both': 41}"
The Office,9,11,"{'Dwight': 35, 'Jim': 16, 'Phyllis': 6, 'Nellie': 8, 'Darryl': 16, 'Pam': 19, 'Erin': 7, 'Clark': 32, 'Meredith': 6, 'Oscar': 18, 'Kevin': 19, 'Pete': 2, 'Angela': 10, 'Everyone': 1, 'Dennis': 3, 'Wade': 1, 'Stanley': 2, 'Creed': 2}","{'Dwight': 520, 'Jim': 213, 'Phyllis': 24, 'Nellie': 72, 'Darryl': 200, 'Pam': 254, 'Erin': 107, 'Clark': 374, 'Meredith': 42, 'Oscar': 138, 'Kevin': 112, 'Pete': 14, 'Angela': 40, 'Everyone': 5, 'Dennis': 17, 'Wade': 1, 'Stanley': 26, 'Creed': 8}"
The Office,9,12,"{'Pam': 40, 'Kevin': 8, 'Dwight': 36, 'Angela': 5, 'Pete': 11, 'Oscar': 6, 'All': 3, 'Nellie': 20, 'Erin': 14, 'Jim': 27, 'Co-worker': 3, 'Darryl': 20, 'Cece': 3, 'Phyllis': 3, 'Clark': 1, 'Stanley': 1, 'Creed': 2, 'Ballerinas': 2, 'Audience': 2, 'Meredith': 2, 'Investor': 1, 'Lonnie': 2, 'Toby': 5, 'Brian': 5, 'Cameraman': 1, 'Guy': 3}","{'Pam': 437, 'Kevin': 60, 'Dwight': 449, 'Angela': 58, 'Pete': 82, 'Oscar': 44, 'All': 3, 'Nellie': 239, 'Erin': 156, 'Jim': 430, 'Co-worker': 33, 'Darryl': 191, 'Cece': 7, 'Phyllis': 51, 'Clark': 15, 'Stanley': 7, 'Creed': 6, 'Ballerinas': 6, 'Audience': 2, 'Meredith': 14, 'Investor': 10, 'Lonnie': 15, 'Toby': 62, 'Brian': 39, 'Cameraman': 1, 'Guy': 31}"
The Office,9,13,"{'Pam': 21, 'Brian': 7, 'Erin': 2, 'Meredith': 3, 'Clark': 31, 'Dwight': 67, 'Jim': 39, 'Rolf': 10, 'Trevor': 8, 'Oscar': 2, 'Darryl': 1, 'Kevin': 1, 'Mose': 4, 'Gabor': 2, 'Nate': 2, 'Zeke': 2, 'Melvina': 4, 'Angela': 1, 'Stanley': 1, 'Nellie': 3, 'Hide': 3, 'Wolf': 10}","{'Pam': 123, 'Brian': 62, 'Erin': 8, 'Meredith': 21, 'Clark': 271, 'Dwight': 784, 'Jim': 505, 'Rolf': 117, 'Trevor': 99, 'Oscar': 47, 'Darryl': 5, 'Kevin': 8, 'Mose': 10, 'Gabor': 16, 'Nate': 63, 'Zeke': 38, 'Melvina': 58, 'Angela': 19, 'Stanley': 22, 'Nellie': 45, 'Hide': 43, 'Wolf': 102}"
The Office,9,14,"{'Nellie': 8, 'Erin': 6, 'Darryl': 31, 'Angela': 11, 'Kevin': 5, 'Oscar': 10, 'Jim': 27, 'Pam': 51, 'Dwight': 31, 'Meredith': 1, 'Creed': 1, 'Phyllis': 1, 'Frank': 8, 'Glenn': 1, 'Val': 1, 'Nate': 3, 'Senator': 7, 'Toby': 2, 'Clark': 4, 'Brian': 6}","{'Nellie': 81, 'Erin': 41, 'Darryl': 235, 'Angela': 133, 'Kevin': 86, 'Oscar': 85, 'Jim': 251, 'Pam': 574, 'Dwight': 398, 'Meredith': 25, 'Creed': 8, 'Phyllis': 5, 'Frank': 77, 'Glenn': 5, 'Val': 16, 'Nate': 39, 'Senator': 58, 'Toby': 13, 'Clark': 40, 'Brian': 80}"
The Office,9,15,"{'Pam': 25, 'Jim': 23, 'Erin': 20, 'Pete': 6, 'Dwight': 27, 'Kevin': 5, 'Nellie': 6, 'Meredith': 2, 'Phyllis': 6, 'Stanley': 1, 'Angela': 4, 'Clark': 8, 'Oscar': 7, 'Darryl': 1, 'Brian': 9, 'Andy': 54, 'Jan': 8}","{'Pam': 190, 'Jim': 304, 'Erin': 171, 'Pete': 33, 'Dwight': 242, 'Kevin': 42, 'Nellie': 111, 'Meredith': 44, 'Phyllis': 84, 'Stanley': 16, 'Angela': 56, 'Clark': 103, 'Oscar': 78, 'Darryl': 16, 'Brian': 153, 'Andy': 673, 'Jan': 72}"
The Office,9,16,"{'Andy': 74, 'David': 15, 'Erin': 31, 'Pam': 47, 'Stanley': 5, 'Phyllis': 9, 'Dwight': 42, 'Angela': 39, 'Pete': 37, 'Clark': 8, 'Shirley': 14, 'Oscar': 6, 'Creed': 3, 'Meredith': 7, 'Darryl': 5, 'Kevin': 4, 'Jim': 26, 'Isaac': 3, 'Toby': 12, 'Mark': 17, 'Nellie': 5, 'Roger': 1, 'Alice': 18, 'Gabe': 19}","{'Andy': 932, 'David': 62, 'Erin': 245, 'Pam': 362, 'Stanley': 32, 'Phyllis': 49, 'Dwight': 481, 'Angela': 210, 'Pete': 254, 'Clark': 50, 'Shirley': 88, 'Oscar': 104, 'Creed': 15, 'Meredith': 43, 'Darryl': 45, 'Kevin': 19, 'Jim': 233, 'Isaac': 22, 'Toby': 143, 'Mark': 494, 'Nellie': 41, 'Roger': 4, 'Alice': 171, 'Gabe': 228}"
The Office,9,17,"{'Dwight': 42, 'Erin': 4, 'Pam': 20, 'Jim': 6, 'Phyllis': 7, 'Kevin': 11, 'Oscar': 9, 'Mose': 3, 'Zeke': 7, 'Clark': 5, 'Jeb': 9, 'Fannie': 14, 'Henry': 3, 'Esther': 2, 'Stanley': 2, 'Nellie': 2, 'Angela': 7, 'Andy': 5, 'Meredith': 3, 'Cameron': 8, 'Darryl': 1}","{'Dwight': 388, 'Erin': 15, 'Pam': 203, 'Jim': 39, 'Phyllis': 88, 'Kevin': 68, 'Oscar': 59, 'Mose': 10, 'Zeke': 36, 'Clark': 45, 'Jeb': 90, 'Fannie': 104, 'Henry': 35, 'Esther': 15, 'Stanley': 31, 'Nellie': 24, 'Angela': 29, 'Andy': 64, 'Meredith': 15, 'Cameron': 47, 'Darryl': 10}"
The Office,9,18,"{'Pam': 38, 'Clark': 23, 'Dwight': 36, 'Phyllis': 6, 'Darryl': 12, 'Meredith': 2, 'Andy': 7, 'Angela': 25, 'Toby': 2, 'Group': 3, 'Oscar': 26, 'Jim': 28, 'Kevin': 6, 'Erin': 3, 'Nellie': 4, 'Stanley': 3, 'Pete': 2, 'Salesmen': 1, 'Brian': 22, 'Esther': 6, 'Senator': 1}","{'Pam': 402, 'Clark': 198, 'Dwight': 389, 'Phyllis': 31, 'Darryl': 68, 'Meredith': 30, 'Andy': 71, 'Angela': 227, 'Toby': 56, 'Group': 3, 'Oscar': 165, 'Jim': 208, 'Kevin': 47, 'Erin': 39, 'Nellie': 46, 'Stanley': 37, 'Pete': 20, 'Salesmen': 13, 'Brian': 155, 'Esther': 97, 'Senator': 10}"
The Office,9,19,"{'Stanley': 19, 'Erin': 6, 'Andy': 24, 'Oscar': 5, 'Phyllis': 5, 'Dwight': 50, 'Everyone': 2, 'Nellie': 11, 'Pam': 4, 'Jim': 11, 'Toby': 13, 'Clark': 35, 'Angela': 2, 'Robert': 7, 'Meredith': 2, 'Kevin': 5, 'Crowd': 2, 'Pete': 1, 'Creed': 2, 'Man': 3, 'Carla': 7, 'Andy:': 1, 'Todd': 2}","{'Stanley': 162, 'Erin': 62, 'Andy': 367, 'Oscar': 31, 'Phyllis': 24, 'Dwight': 641, 'Everyone': 3, 'Nellie': 99, 'Pam': 29, 'Jim': 122, 'Toby': 139, 'Clark': 209, 'Angela': 21, 'Robert': 154, 'Meredith': 14, 'Kevin': 54, 'Crowd': 2, 'Pete': 2, 'Creed': 8, 'Man': 14, 'Carla': 77, 'Andy:': 4, 'Todd': 6}"
The Office,9,20,"{'Erin': 11, 'Toby': 7, 'Clark': 6, 'Pam': 16, 'Andy': 32, 'Darryl': 8, 'Jim': 15, 'Stanley': 1, 'Oscar': 2, 'Nellie': 16, 'Robert': 2, 'Dwight': 17, 'Angela': 10, 'Group': 2, 'Phillip': 1, 'Woman': 3, 'Kevin': 8, 'Director': 12, 'Producer': 5, 'Pete': 3, 'Esther': 5, 'Creed': 1}","{'Erin': 129, 'Toby': 40, 'Clark': 78, 'Pam': 196, 'Andy': 426, 'Darryl': 69, 'Jim': 222, 'Stanley': 3, 'Oscar': 14, 'Nellie': 199, 'Robert': 18, 'Dwight': 141, 'Angela': 55, 'Group': 2, 'Phillip': 1, 'Woman': 35, 'Kevin': 44, 'Director': 104, 'Producer': 41, 'Pete': 12, 'Esther': 73, 'Creed': 18}"
The Office,9,21,"{'Jim': 55, 'Pam': 29, 'Andy': 56, 'Oscar': 17, 'Angela': 27, 'Kevin': 10, 'Dwight': 46, 'Erin': 6, 'Clark': 8, 'Pete': 5, 'Darryl': 11, 'Sensei': 11, 'Nellie': 5, 'Meredith': 1, 'Creed': 1, 'Phyllis': 3, 'Toby': 7, 'Stanley': 2}","{'Jim': 466, 'Pam': 142, 'Andy': 790, 'Oscar': 174, 'Angela': 336, 'Kevin': 88, 'Dwight': 450, 'Erin': 79, 'Clark': 164, 'Pete': 46, 'Darryl': 130, 'Sensei': 132, 'Nellie': 117, 'Meredith': 15, 'Creed': 7, 'Phyllis': 22, 'Toby': 28, 'Stanley': 18}"
The Office,9,22,"{'Erin': 20, 'Dwight': 70, 'Philip': 1, 'Oscar': 24, 'Esther': 3, 'Andy': 39, 'Jim': 79, 'Pam': 31, 'Everyone': 1, 'Angela': 34, 'Casey': 19, 'Kevin': 25, 'Pete': 4, 'Darryl': 24, 'Glenn': 1, 'Meredith': 8, 'Clark': 5, 'Soldier': 1, 'Hank': 1, 'Phyllis': 6, 'Stanley': 3, 'Phillip': 3, 'Santigold': 4, 'Creed': 2, 'Bartender': 4}","{'Erin': 157, 'Dwight': 854, 'Philip': 1, 'Oscar': 205, 'Esther': 23, 'Andy': 504, 'Jim': 922, 'Pam': 206, 'Everyone': 7, 'Angela': 233, 'Casey': 108, 'Kevin': 150, 'Pete': 11, 'Darryl': 196, 'Glenn': 7, 'Meredith': 54, 'Clark': 61, 'Soldier': 21, 'Hank': 2, 'Phyllis': 43, 'Stanley': 25, 'Phillip': 3, 'Santigold': 26, 'Creed': 37, 'Bartender': 25}"
The Office,9,23,"{'Dwight': 65, 'Man': 3, 'Kevin': 25, 'Stanley': 4, 'Meredith': 13, 'Pam': 37, 'All': 10, 'Oscar': 12, 'Jim': 54, 'Toby': 9, 'Crowd': 1, 'Angela': 19, 'Phyllis': 12, 'Malcolm': 3, 'Zeke': 1, 'Clark': 3, 'Andy': 22, 'Dakota': 3, 'Nellie': 5, 'Darryl': 16, 'Guy': 2, 'Rachel': 3, 'Stripper': 5, 'Erin': 9, 'Jakey': 4, 'Mose': 2, 'Joan': 5, 'Ed': 2, 'Usher': 1, 'Creed': 2, 'Kelly': 11, 'Ravi': 6, 'Ryan': 12, 'Minister': 2, 'Val': 3, 'Pete': 1, 'Carol': 1, 'Buyer': 2, 'Woman': 1}","{'Dwight': 785, 'Man': 18, 'Kevin': 158, 'Stanley': 35, 'Meredith': 82, 'Pam': 693, 'All': 33, 'Oscar': 84, 'Jim': 481, 'Toby': 49, 'Crowd': 2, 'Angela': 214, 'Phyllis': 60, 'Malcolm': 28, 'Zeke': 4, 'Clark': 23, 'Andy': 261, 'Dakota': 29, 'Nellie': 57, 'Darryl': 126, 'Guy': 13, 'Rachel': 19, 'Stripper': 36, 'Erin': 79, 'Jakey': 18, 'Mose': 10, 'Joan': 58, 'Ed': 15, 'Usher': 4, 'Creed': 17, 'Kelly': 132, 'Ravi': 61, 'Ryan': 126, 'Minister': 42, 'Val': 21, 'Pete': 5, 'Carol': 8, 'Buyer': 11, 'Woman': 6}"
