season,episode,character,lines,words
1,01,Michael,97,1922
1,01,Jim,37,382
1,01,Pam,46,301
1,01,Dwight,33,401
1,01,Jan,12,139
1,01,Michel,1,1
1,01,Phyllis,2,7
1,01,Stanley,5,33
1,01,Oscar,6,115
1,01,Angela,5,97
1,01,Kevin,2,27
1,01,Ryan,10,62
1,01,Man,1,5
1,01,Roy,5,32
1,02,Michael,90,2147
1,02,Jim,33,370
1,02,Dwight,40,360
1,02,Pam,26,156
1,02,Oscar,3,6
1,02,Kevin,7,67
1,02,Toby,2,16
1,02,Stanley,5,23
1,02,Ryan,7,85
1,02,Angela,4,4
1,02,Kelly,1,6
1,03,Michael,69,1531
1,03,Pam,44,270
1,03,Jan,18,142
1,03,Jim,57,495
1,03,Dwight,88,1092
1,03,Stanley,6,43
1,03,Oscar,16,86
1,03,Kevin,6,34
1,03,Angela,5,26
1,03,Meredith,3,35
1,03,Ryan,1,11
1,04,Dwight,74,714
1,04,Michael,111,2122
1,04,Stanley,2,9
1,04,Pam,37,286
1,04,Phyllis,5,41
1,04,Angela,9,50
1,04,Jim,63,743
1,04,Kevin,3,6
1,04,Toby,7,34
1,04,Oscar,20,126
1,04,Ryan,5,13
1,04,Everybody,6,22
1,04,Meredith,15,114
1,04,Roy,3,28
1,05,Michael,132,2143
1,05,Dwight,44,300
1,05,Jim,27,243
1,05,Phyllis,4,27
1,05,Pam,17,183
1,05,Ryan,8,34
1,05,Lonny,5,37
1,05,Darryl,17,110
1,05,Everybody,2,2
1,05,Stanley,6,22
1,05,Oscar,2,16
1,05,Kevin,4,21
1,05,Angela,6,40
1,05,Roy,13,73
1,05,Teammates,1,1
1,05,Madge,3,13
1,05,Worker,5,26
1,05,Packer,1,2
1,06,Jan,8,71
1,06,Michael,128,1855
1,06,Dwight,44,519
1,06,Pam,49,224
1,06,Katy,73,380
1,06,Kevin,7,38
1,06,Ryan,21,110
1,06,Oscar,1,4
1,06,Toby,14,41
1,06,Roy,14,90
1,06,Jim,66,607
1,06,Stanley,3,22
1,06,Angela,3,18
1,06,Kelly,2,10
2,01,Michael,138,2079
2,01,Jim,42,305
2,01,Pam,48,365
2,01,Dwight,74,703
2,01,Stanley,8,86
2,01,Oscar,4,71
2,01,Kelly,9,72
2,01,Phyllis,23,114
2,01,Jan,9,103
2,01,Roy,7,43
2,01,Kevin,4,37
2,01,Darryl,1,6
2,01,Ryan,2,27
2,01,Angela,4,53
2,01,Everybody,1,2
2,01,Employee,1,16
2,01,Toby,6,62
2,01,Waitress,3,14
2,01,Manager,10,54
2,02,Michael,111,1759
2,02,Jim,22,210
2,02,Dwight,12,109
2,02,Ryan,1,6
2,02,Pam,41,309
2,02,Toby,26,252
2,02,Darryl,5,64
2,02,Roy,10,63
2,02,Kevin,9,37
2,02,Angela,4,33
2,02,Stanley,1,17
2,02,Meredith,1,5
2,02,Phyllis,6,37
2,02,Video,1,0
2,02,Jan,11,95
2,02,Albiny,2,24
2,02,Oscar,1,3
2,03,Michael,120,1536
2,03,Ryan,5,90
2,03,Dwight,87,801
2,03,Jim,72,579
2,03,Pam,45,266
2,03,Kevin,13,47
2,03,Oscar,13,92
2,03,Angela,8,73
2,03,Carol,18,116
2,03,Bill,2,17
2,03,Stanley,3,27
2,03,Phyllis,4,14
2,03,Meredith,1,1
2,03,Everyone,1,1
2,03,Crowd,1,3
2,03,Man,6,21
2,03,Toby,4,41
2,04,Pam,28,229
2,04,Jim,64,576
2,04,Michael,70,1079
2,04,Ryan,49,291
2,04,Dwight,70,738
2,04,Oscar,4,17
2,04,Angela,18,91
2,04,Phyllis,6,21
2,04,Kelly,4,13
2,04,Stanley,7,59
2,04,Meredith,4,28
2,04,Kevin,9,58
2,04,song,1,8
2,04,Song,6,10
2,04,Roy,6,58
2,04,Katy,11,49
2,04,Toby,2,36
2,05,Michael,150,1855
2,05,Pam,27,196
2,05,Sherri,11,58
2,05,Dwight,36,489
2,05,Jim,31,419
2,05,Phyllis,5,10
2,05,Oscar,7,14
2,05,Angela,14,76
2,05,Kevin,2,3
2,05,Kelly,3,30
2,05,Stanley,5,27
2,05,Ryan,1,11
2,05,Creed,27,237
2,05,Devon,8,82
2,05,Children,1,3
2,05,Kid,3,10
2,05,Toby,7,58
2,05,Jan,10,69
2,06,Dwight,68,601
2,06,Jim,49,414
2,06,Stanley,9,53
2,06,Pam,27,267
2,06,Michael,94,1274
2,06,Ryan,18,62
2,06,Kevin,4,10
2,06,Toby,3,21
2,06,Angela,6,38
2,06,Kelly,4,15
2,06,Ira,9,59
2,06,Master,9,60
2,06,Oscar,2,16
2,06,Meredith,1,8
2,06,Alyssa,1,4
2,07,Ryan,8,49
2,07,Jim,52,611
2,07,Pam,40,321
2,07,Jan,55,377
2,07,Michael,85,1223
2,07,Oscar,5,52
2,07,Toby,1,3
2,07,Kelly,1,8
2,07,Dwight,23,218
2,07,Christian,19,167
2,07,Hostess,1,3
2,07,Everyone,1,2
2,07,Phyllis,5,27
2,07,Roy,1,3
2,07,Kevin,2,11
2,07,Stanley,1,11
2,07,Angela,1,11
2,08,Dwight,50,595
2,08,Jim,48,361
2,08,Michael,123,1513
2,08,Pam,35,259
2,08,Stanley,5,51
2,08,Angela,2,50
2,08,Jan,60,611
2,08,Kevin,4,19
2,08,Oscar,5,74
2,08,Ryan,14,93
2,08,Kelly,1,9
2,09,Michael,126,1669
2,09,Jim,51,555
2,09,Kevin,12,102
2,09,Dwight,37,363
2,09,Oscar,6,48
2,09,Stanley,4,25
2,09,Angela,14,54
2,09,Pam,47,322
2,09,Mark,2,10
2,09,Ryan,6,30
2,09,Mary-Beth,17,125
2,09,Actor,1,6
2,09,Actress,1,1
2,09,Bill,6,74
2,09,Kelly,2,22
2,09,Phyllis,7,71
2,09,Toby,1,17
2,09,Roy,7,76
2,10,Dwight,51,496
2,10,Michael,94,1383
2,10,Kevin,14,150
2,10,Jim,27,371
2,10,Angela,10,61
2,10,Phyllis,8,60
2,10,Ryan,18,140
2,10,Pam,22,188
2,10,Darryl,12,61
2,10,Toby,7,65
2,10,Oscar,20,169
2,10,Stanley,5,31
2,10,All,1,3
2,10,Kelly,13,97
2,10,Creed,9,41
2,10,Meredith,12,63
2,10,JIm,1,1
2,10,Roy,8,77
2,11,Jim,32,262
2,11,Dwight,28,366
2,11,Pam,22,155
2,11,Michael,116,1653
2,11,Phyllis,8,35
2,11,Stanley,10,41
2,11,Meredith,3,4
2,11,Ryan,6,46
2,11,Kelly,7,45
2,11,Oscar,4,34
2,11,Darryl,5,28
2,11,Katy,14,98
2,11,Roy,16,184
2,11,Brenda,7,38
2,11,Angela,2,12
2,11,Jan,17,108
2,11,Toby,3,13
2,11,Creed,6,85
2,12,Oscar,4,28
2,12,Jim,61,396
2,12,Pam,57,329
2,12,Michael,131,1574
2,12,Phyllis,3,21
2,12,Kevin,1,3
2,12,Dwight,67,354
2,12,Ryan,16,121
2,12,Angela,6,35
2,12,Toby,13,105
2,12,Creed,1,11
2,12,Stanley,2,9
2,12,Meredith,1,5
2,12,Doctor,5,42
2,13,Jim,53,472
2,13,Pam,28,202
2,13,Michael,114,1271
2,13,Stanley,3,7
2,13,Ryan,14,80
2,13,Kevin,8,50
2,13,Dwight,54,701
2,13,Angela,5,20
2,13,Oscar,9,53
2,13,Kelly,5,51
2,13,Dana,9,43
2,13,Toby,3,27
2,13,Phylis,1,8
2,13,Creed,3,24
2,13,Gil,2,3
2,14,Ryan,13,108
2,14,Jim,36,311
2,14,Michael,126,1669
2,14,Pam,28,321
2,14,Kevin,8,51
2,14,Toby,8,28
2,14,Creed,9,48
2,14,Dwight,47,407
2,14,Kelly,13,289
2,14,Stanley,8,55
2,14,Oscar,5,40
2,14,Roy,8,43
2,14,Angela,4,30
2,14,Phyllis,2,13
2,14,Darryl,5,24
2,14,Ed,9,65
2,14,Packer,7,25
2,14,Todd,1,10
2,15,Jan,55,685
2,15,Pam,34,380
2,15,Michael,100,1243
2,15,Dwight,20,293
2,15,Jim,26,118
2,15,Darryl,29,248
2,15,Roy,25,184
2,15,Kevin,4,34
2,15,Meredith,5,33
2,15,Phyllis,9,61
2,15,Angela,5,69
2,15,Kelly,9,117
2,15,Women,1,0
2,15,Ryan,2,22
2,15,Lonny,3,37
2,15,Madge,2,9
2,15,Guy,4,14
2,15,Men,1,0
2,15,Stanley,1,9
2,16,Pam,30,246
2,16,Meredith,3,12
2,16,Phyllis,5,17
2,16,Michael,53,1309
2,16,Dwight,29,283
2,16,Oscar,5,29
2,16,Jim,25,264
2,16,Kelly,13,208
2,16,Ryan,4,21
2,16,Kevin,8,60
2,16,Angela,4,29
2,16,Craig,12,126
2,16,Josh,11,76
2,16,Jan,16,198
2,16,David,12,111
2,16,Dan,1,7
2,16,Roy,5,34
2,16,Creed,3,14
2,16,Receptionist,2,19
2,16,Devon,1,17
2,17,Michael,75,1526
2,17,Dwight,64,749
2,17,Jim,36,442
2,17,Creed,4,30
2,17,Ryan,14,130
2,17,Pam,24,253
2,17,Phyllis,8,83
2,17,Oscar,3,58
2,17,Stanley,6,36
2,17,Kelly,5,53
2,17,Angela,4,41
2,17,Kevin,4,28
2,17,Toby,4,22
2,17,Overhead,1,5
2,17,Speaker,2,18
2,17,Crowd,8,4
2,17,Meredith,1,6
2,18,Pam,26,225
2,18,Jim,24,223
2,18,Michael,81,1204
2,18,Dwight,27,338
2,18,Toby,13,76
2,18,Kevin,7,73
2,18,Stanley,9,133
2,18,Melissa,17,130
2,18,Meredith,2,39
2,18,Angela,10,107
2,18,Kelly,8,72
2,18,Sasha,8,32
2,18,Ryan,12,70
2,18,Abby,19,89
2,18,Jake,27,129
2,18,Creed,5,24
2,18,Kids,2,3
2,18,Chet,2,9
2,18,Oscar,4,24
2,18,Darryl,5,39
2,18,Roy,3,22
2,18,Phyllis,1,3
2,19,Michael,99,1366
2,19,Oscar,7,31
2,19,Ryan,10,73
2,19,Toby,8,62
2,19,Jim,23,201
2,19,Pam,26,179
2,19,Meredith,1,5
2,19,Kevin,15,93
2,19,Dwight,46,472
2,19,Phyllis,2,16
2,19,Angela,13,93
2,19,Jan,5,24
2,19,Stanley,3,18
2,19,Kelly,4,51
2,19,Carol,4,22
2,20,Dwight,92,1052
2,20,Jim,26,221
2,20,Kevin,7,19
2,20,Pam,25,348
2,20,Kelly,9,184
2,20,Ryan,7,49
2,20,Michael,62,1177
2,20,Oscar,8,60
2,20,Phyllis,7,27
2,20,Creed,2,17
2,20,Stanley,9,50
2,20,Pam/Jim,1,7
2,20,Angela,8,48
2,20,Toby,9,96
2,20,Linda,5,32
2,20,Hank,5,32
2,20,Meredith,2,74
2,20,Jan,1,16
2,20,Man,1,5
2,20,Sheriff,8,74
2,21,Kevin,5,26
2,21,Pam,26,230
2,21,Jim,37,397
2,21,Phyllis,15,106
2,21,Angela,12,102
2,21,Michael,95,1583
2,21,Dwight,50,510
2,21,Ryan,5,19
2,21,Oscar,9,109
2,21,Toby,22,232
2,21,Photographer,14,75
2,21,Creed,3,41
2,21,Kelly,2,18
2,21,Anglea,1,4
2,21,Stanley,4,15
2,21,Meredith,1,1
2,22,Michael,112,1347
2,22,Jim,53,436
2,22,Dwight,40,380
2,22,Pam,46,398
2,22,Roy,11,83
2,22,Jan,40,269
2,22,Oscar,5,33
2,22,Angela,5,44
2,22,Creed,4,64
2,22,Kevin,16,120
2,22,Kelly,1,29
2,22,Toby,5,76
2,22,Phyllis,8,42
2,22,Darryl,11,91
2,22,Carol,30,138
2,22,Billy,4,29
2,22,Stanley,3,15
2,22,Dealer,5,39
2,22,Meredith,3,22
2,22,Ryan,1,19
2,22,Bob,2,23
3,01,Ryan,1,49
3,01,Jim,13,152
3,01,Pam,12,112
3,01,Dwight,18,154
3,01,Michael,62,1149
3,01,Toby,10,108
3,01,Oscar,17,226
3,01,Angela,4,42
3,01,Andy,8,156
3,01,Josh,1,47
3,01,Karen,1,25
3,01,Roy,4,56
3,01,Stanley,1,45
3,01,Kelly,1,11
3,01,Jan,12,135
3,01,Phyllis,3,32
3,01,Meredith,2,9
3,02,Michael,117,1400
3,02,Pam,29,197
3,02,Ryan,8,31
3,02,Angela,10,96
3,02,Dwight,40,222
3,02,Kelly,8,106
3,02,Creed,2,27
3,02,Meredith,1,6
3,02,Josh,27,230
3,02,Jim,32,276
3,02,Kevin,3,19
3,02,Toby,6,33
3,02,Jan,15,100
3,02,Ted,1,4
3,02,Waiter,1,6
3,02,Phyllis,2,23
3,02,Stanley,1,11
3,02,Evan,6,41
3,02,Alan,8,74
3,02,Guy,2,12
3,03,Michael,82,781
3,03,Dwight,77,669
3,03,Pam,20,222
3,03,Kevin,5,36
3,03,Jan,28,200
3,03,Angela,13,118
3,03,Jim,17,173
3,03,Kelly,8,64
3,03,Andy,10,57
3,03,Karen,8,35
3,03,Phyllis,5,14
3,03,Roy,2,4
3,03,Josh,8,65
3,03,Stanley,3,16
3,03,Creed,3,43
3,03,Ryan,1,10
3,04,Michael,106,1640
3,04,Ryan,7,150
3,04,Dwight,40,459
3,04,Pam,34,456
3,04,Jan,17,144
3,04,Kelly,5,45
3,04,Phyllis,3,16
3,04,Josh,3,27
3,04,Karen,15,102
3,04,Jim,17,191
3,04,Andy,4,31
3,04,Creed,6,53
3,04,Angela,7,40
3,04,Stanley,6,29
3,04,Roy,15,116
3,04,Kevin,9,88
3,04,Toby,10,146
3,04,Meredith,1,8
3,04,Hannah,2,13
3,04,Man,1,9
3,05,Dwight,56,816
3,05,Ryan,43,495
3,05,Jan,11,83
3,05,Michael,42,530
3,05,Pam,54,388
3,05,Karen,13,98
3,05,Jim,47,316
3,05,Andy,8,80
3,05,Announcer,1,25
3,05,Stanley,9,98
3,05,Kelly,6,57
3,05,Phyllis,2,10
3,05,Bob,2,9
3,05,Angela,4,20
3,05,Kevin,4,11
3,05,Toby,1,1
3,06,Kelly,20,195
3,06,Michael,77,1205
3,06,Pam,26,164
3,06,Phyllis,2,23
3,06,Meredith,2,21
3,06,Dwight,8,74
3,06,Kevin,9,102
3,06,Roy,1,7
3,06,Angela,10,94
3,06,Stanley,1,4
3,06,Jim,20,135
3,06,Karen,15,61
3,06,Tony,2,23
3,06,Andy,18,170
3,06,Creed,1,8
3,06,Toby,2,12
3,06,Josh,2,28
3,06,Carol,19,108
3,06,Server,1,3
3,06,Ryan,12,59
3,06,Girls,1,3
3,06,Overhead,1,39
3,06,Crowd,2,1
3,06,Jan,12,97
3,07,Karen,9,104
3,07,Jim,21,293
3,07,Dwight,38,260
3,07,Michael,67,695
3,07,Jan,32,348
3,07,Andy,5,24
3,07,Pam,22,183
3,07,Toby,3,55
3,07,Angela,7,45
3,07,Ryan,7,129
3,07,Kelly,2,44
3,07,Stanley,1,23
3,07,Roy,4,59
3,07,Kevin,12,55
3,07,Darryl,4,29
3,07,Josh,12,74
3,07,Phyllis,8,52
3,07,Dwight:,1,13
3,08,Jim,81,466
3,08,Andy,55,448
3,08,Karen,30,189
3,08,Pam,45,355
3,08,Toby,16,73
3,08,Dwight,84,609
3,08,Michael,148,1805
3,08,Hannah,12,53
3,08,Tony,22,122
3,08,Kevin,21,141
3,08,Martin,7,31
3,08,Ryan,11,63
3,08,Kelly,6,59
3,08,Meredith,11,48
3,08,Video,2,0
3,08,Angela,7,37
3,08,Creed,2,10
3,08,Phyllis,8,60
3,08,Stanley,4,51
3,08,Jan,6,52
3,09,Pam,16,89
3,09,Hannah,5,10
3,09,Stanley,2,5
3,09,Michael,54,1155
3,09,Karen,10,47
3,09,Jim,31,302
3,09,Angela,10,97
3,09,Jan,7,59
3,09,Kevin,13,75
3,09,Andy,17,208
3,09,Dwight,4,60
3,09,Martin,11,190
3,09,Meredith,1,5
3,09,Ryan,3,10
3,09,Creed,2,22
3,09,Phyllis,1,5
3,09,Toby,4,75
3,10,Dwight,62,621
3,10,Pam,57,419
3,10,Jim,45,459
3,10,Toby,15,104
3,10,Phyllis,15,85
3,10,Creed,4,73
3,10,Michael,115,1523
3,10,Kevin,15,137
3,10,Andy,28,296
3,10,Carol,18,98
3,10,Stanley,5,58
3,10,Angela,51,659
3,10,Karen,35,282
3,10,Meredith,3,10
3,10,Kelly,19,209
3,10,Ryan,22,173
3,10,Waitress,1,6
3,10,Roy,6,44
3,10,Chef,2,15
3,10,Cindy,2,14
3,10,Hannah,2,12
3,10,Man,1,2
3,10,Darryl,3,41
3,10,Everybody,1,3
3,10,Both,2,15
3,10,Oscar,1,2
3,11,Jim,33,243
3,11,Dwight,39,414
3,11,Karen,9,110
3,11,Phyllis,5,68
3,11,Andy,10,76
3,11,Michael,100,1493
3,11,Pam,43,399
3,11,Stanley,10,93
3,11,Angela,7,65
3,11,Everybody,2,7
3,11,Packer,7,60
3,11,Roy,7,64
3,11,Darryl,6,38
3,11,Kevin,10,104
3,11,Toby,9,91
3,11,Jan,14,231
3,11,Creed,4,51
3,11,Kelly,2,16
3,11,Ryan,2,40
3,11,Someone,2,8
3,11,Meredith,2,33
3,12,Michael,48,525
3,12,Harvey,7,42
3,12,Jim,29,286
3,12,Pam,9,37
3,12,Kevin,4,40
3,12,Angela,13,147
3,12,Andy,29,613
3,12,Dwight,33,433
3,12,Phyllis,10,77
3,12,Karen,15,74
3,12,Stanley,8,73
3,12,Ryan,8,60
3,12,Buyer,2,25
3,12,Kenny,1,17
3,12,Julius,3,13
3,12,Guy,1,1
3,12,Man,5,40
3,12,Phone,1,10
3,12,Kelly,2,18
3,12,Jan,1,30
3,13,Dwight,24,219
3,13,Andy,39,447
3,13,Jim,23,109
3,13,Michael,45,509
3,13,Oscar,11,87
3,13,Kevin,3,22
3,13,Angela,14,111
3,13,Pam,9,46
3,13,MIchael,1,71
3,13,Lady,2,8
3,13,Karen,3,34
3,13,Ryan,3,14
3,13,Phyllis,3,37
3,13,Stanley,2,8
3,13,Paris,6,55
3,13,Everybody,1,1
3,13,Creed,2,9
3,13,Meredith,2,4
3,13,Marcy,3,22
3,14,Michael,77,1043
3,14,Dwight,29,199
3,14,Pam,30,249
3,14,Jim,25,174
3,14,Angela,5,30
3,14,Karen,15,149
3,14,Packer,12,106
3,14,Meredith,2,8
3,14,Ryan,6,31
3,14,Elizabeth,17,85
3,14,Stanley,1,2
3,14,Kevin,3,26
3,14,Roy,1,27
3,14,Jan,6,40
3,14,Kelly,3,37
3,15,Jim,19,169
3,15,Dwight,25,270
3,15,Michael,49,923
3,15,Photographer,1,28
3,15,Phyllis,15,99
3,15,Pam,15,105
3,15,Stanley,2,4
3,15,Karen,4,42
3,15,Angela,3,25
3,15,Kevin,4,82
3,15,Toby,2,5
3,15,Kelly,6,68
3,15,Meredith,1,11
3,15,Crowd,3,1
3,15,Priest,4,33
3,15,Roy,9,107
3,15,Randy,2,13
3,15,Unknown,1,2
3,15,Women,1,4
3,16,Michael,58,1164
3,16,Kevin,7,32
3,16,Ryan,16,154
3,16,Dwight,25,329
3,16,Roy,8,70
3,16,Pam,29,184
3,16,Jim,20,172
3,16,Kelly,11,129
3,16,Karen,6,22
3,16,Stanley,2,13
3,16,Angela,5,29
3,16,Toby,3,60
3,16,Creed,8,16
3,16,Meredith,12,71
3,16,Woman,4,6
3,16,Kenny,3,46
3,16,Oscar,9,63
3,16,Gil,4,34
3,16,Artist,1,3
3,17,Michael,85,932
3,17,Dwight,35,256
3,17,Jim,22,194
3,17,Pam,24,242
3,17,Kevin,12,56
3,17,Jan,47,531
3,17,Roy,24,190
3,17,Rachel,11,67
3,17,Kelly,4,27
3,17,Kenny,7,18
3,17,Everyone,1,1
3,17,Angela,3,12
3,17,David,8,58
3,17,Bartender,1,2
3,17,Man,1,7
3,17,Karen,14,177
3,17,Ryan,12,90
3,17,Creed,2,27
3,17,Toby,5,17
3,17,Child,2,13
3,17,Waiter,3,21
3,17,Meredith,2,7
3,17,Stanley,5,42
3,17,Oscar,1,7
3,17,Melissa,6,17
3,18,Karen,16,212
3,18,Jim,41,331
3,18,Kevin,8,54
3,18,Roy,8,109
3,18,Pam,16,136
3,18,Dwight,18,330
3,18,Michael,107,1237
3,18,Jan,30,296
3,18,Toby,17,124
3,18,Oscar,4,62
3,18,Angela,11,56
3,18,Kelly,14,205
3,18,Ryan,9,55
3,18,Darryl,43,409
3,18,Phyllis,4,18
3,18,Stanley,4,36
3,18,Creed,3,63
3,18,Hunter,1,7
3,18,Andy,2,56
3,19,Andy,34,355
3,19,Pam,21,111
3,19,Jim,31,207
3,19,Dwight,70,586
3,19,Michael,101,1230
3,19,Darryl,32,427
3,19,Lonny,12,85
3,19,Madge,2,6
3,19,Kevin,22,166
3,19,Guy,1,2
3,19,Oscar,3,16
3,19,Darry,1,14
3,19,Toby,8,121
3,19,Ryan,9,70
3,19,Kelly,11,209
3,19,Karen,5,28
3,19,Everyone,2,4
3,19,Micheal,1,20
3,19,Creed,4,27
3,19,Stanley,5,47
3,19,Angela,5,39
3,19,Phyllis,3,18
3,19,Larry,2,9
3,20,Jim,73,416
3,20,Dwight,42,533
3,20,Pam,16,156
3,20,Phyllis,1,14
3,20,Stanley,1,7
3,20,Michael,68,1195
3,20,Ryan,3,105
3,20,Karen,4,20
3,20,Creed,15,330
3,20,Oscar,9,64
3,20,Angela,25,239
3,20,Kelly,25,512
3,20,Andy,52,544
3,20,Kevin,10,79
3,20,Jamie,4,17
3,20,Barbara,14,95
3,20,Denise,9,53
3,21,Jim,33,257
3,21,Dwight,46,587
3,21,Pam,33,288
3,21,Phyllis,9,80
3,21,Andy,16,272
3,21,Angela,11,133
3,21,Creed,6,79
3,21,Ryan,5,48
3,21,Michael,85,1552
3,21,Kevin,11,58
3,21,Toby,7,56
3,21,Jan,17,177
3,21,Hunter,1,4
3,21,Karen,14,140
3,21,Meredith,5,26
3,21,Kelly,7,34
3,21,Stanley,2,15
3,21,Bob,1,5
3,22,Michael,145,2192
3,22,Dwight,50,350
3,22,Pam,30,538
3,22,David,9,57
3,22,Meredith,7,63
3,22,Oscar,5,71
3,22,Toby,4,16
3,22,Kevin,6,121
3,22,Stanley,12,114
3,22,Angela,8,76
3,22,Jim,30,279
3,22,Andy,21,230
3,22,Kelly,9,57
3,22,Karen,9,41
3,22,Ryan,5,68
3,22,Phyllis,5,76
3,22,Creed,2,16
3,22,Group,6,61
3,22,All,1,1
3,22,Everyone,1,4
3,23,Michael,123,1680
3,23,David,47,520
3,23,Kevin,17,100
3,23,Jim,65,503
3,23,Meredith,6,57
3,23,Andy,30,288
3,23,Pam,51,581
3,23,Dwight,70,826
3,23,Karen,40,324
3,23,Oscar,12,81
3,23,Stanley,7,47
3,23,Kelly,7,88
3,23,Creed,3,27
3,23,Ryan,4,67
3,23,Angela,6,44
3,23,Jan,43,455
3,23,Phyllis,5,35
3,23,Hunter,6,14
3,23,Everyone,1,0
3,23,Receptionist,1,6
4,01,Michael,159,2732
4,01,Pam,84,656
4,01,Jim,53,440
4,01,Kevin,21,178
4,01,Oscar,14,82
4,01,Dwight,57,632
4,01,Stanley,10,80
4,01,Andy,10,112
4,01,Angela,50,488
4,01,Ryan,8,75
4,01,Phyllis,9,32
4,01,Kelly,7,47
4,01,Nurse,3,12
4,01,Meredith,25,168
4,01,Creed,9,73
4,01,Toby,11,108
4,01,Darryl,5,13
4,01,Intern,5,56
4,01,Jan,7,42
4,01,Elizabeth,3,4
4,01,Waitress,1,1
4,01,Someone,1,3
4,01,Pediatrician,3,47
4,02,Pam,56,329
4,02,Jim,48,372
4,02,Michael,158,2577
4,02,Toby,18,139
4,02,Angela,23,177
4,02,Dwight,74,747
4,02,Phyllis,13,113
4,02,Andy,14,135
4,02,Kevin,16,62
4,02,Kelly,24,175
4,02,Ryan,85,895
4,02,Creed,15,148
4,02,Stanley,5,27
4,02,Jan,17,130
4,02,Oscar,8,44
4,02,Amy,3,19
4,02,GPS,4,21
4,02,Ex-client,17,119
4,03,Michael,156,2191
4,03,Jim,70,517
4,03,Pam,31,280
4,03,Andy,47,592
4,03,Oscar,12,100
4,03,Kevin,17,208
4,03,Everyone,1,2
4,03,Meredith,14,97
4,03,Dwight,88,879
4,03,Kelly,12,104
4,03,Stanley,7,34
4,03,Angela,52,561
4,03,Phyllis,9,106
4,03,Ryan,7,130
4,03,sAndy,1,12
4,03,DunMiff/sys,6,66
4,03,DwightKSchrute,3,18
4,03,Jan,6,21
4,03,Darryl,9,54
4,03,Angels,1,2
4,03,All,5,7
4,03,Manager,1,18
4,03,Bartender,1,10
4,03,Man,4,26
4,03,Creed,1,17
4,03,Toby,8,52
4,04,Michael,159,1971
4,04,Pam,56,371
4,04,Micahel,1,22
4,04,Jan,40,437
4,04,Michae,1,7
4,04,Ryan,21,198
4,04,Jim,52,436
4,04,Dwight,53,683
4,04,Angela,10,57
4,04,Kevin,12,95
4,04,Nick,13,198
4,04,Mose,13,56
4,04,Stanely,2,5
4,04,Stanley,7,102
4,04,Micael,1,1
4,04,Vikram,11,51
4,04,Kelly,13,104
4,04,Darryl,10,100
4,04,Creed,7,89
4,04,Andy,25,260
4,04,Oscar,32,249
4,04,Phyllis,3,33
4,04,Toby,2,29
4,04,Meredith,1,8
4,05,Michael,87,1480
4,05,Phyllis,7,83
4,05,Andy,21,340
4,05,Jim,47,456
4,05,Pam,19,177
4,05,Stanley,1,15
4,05,Kevin,3,27
4,05,Dwight,11,115
4,05,Receptionist,1,7
4,05,Ryan,8,77
4,05,Oscar,1,20
4,05,Meredith,3,27
4,05,Creed,2,6
4,05,Angela,2,13
4,05,Darryl,10,93
4,05,Both,1,4
4,05,Everyone,3,1
4,05,Bartender,4,20
4,06,Rolando,2,17
4,06,Karen,25,252
4,06,Michael,87,1322
4,06,Dwight,44,311
4,06,Stanley,8,77
4,06,All,1,0
4,06,Jim,78,614
4,06,Pam,26,323
4,06,Oscar,12,100
4,06,Ben,4,29
4,06,Toby,10,96
4,06,Andy,12,279
4,06,Kevin,2,4
4,06,Phyllis,2,10
4,06,Angela,1,33
4,06,Meredith,1,17
4,07,Toby,16,160
4,07,Meredith,5,36
4,07,Michael,82,1344
4,07,Pam,23,151
4,07,Phyllis,4,30
4,07,Jim,69,545
4,07,Dwight,35,375
4,07,Angela,7,99
4,07,Kelly,1,1
4,07,Oscar,7,67
4,07,Creed,12,100
4,07,Andy,7,50
4,07,Kevin,2,30
4,07,Stanley,2,29
4,07,Everybody,1,16
4,08,Oscar,4,25
4,08,Michael,86,1059
4,08,Kevin,4,22
4,08,Pam,25,235
4,08,Jan,30,342
4,08,Ryan,10,122
4,08,Lester,23,331
4,08,Darryl,3,6
4,08,Jim,27,194
4,08,Kelly,13,109
4,08,Diane,10,131
4,08,Toby,4,85
4,08,Man,5,41
4,08,Meredith,1,3
4,08,Dwight,5,87
4,08,David,3,8
4,08,Creed,3,12
4,08,Stanley,3,16
4,08,Phyllis,3,16
4,08,Angela,1,4
4,08,Andy,6,59
4,09,Stanley,1,3
4,09,Phyllis,1,12
4,09,Michael,101,1336
4,09,Jim,42,349
4,09,Dwight,18,256
4,09,Andy,14,111
4,09,Jan,90,929
4,09,Pam,35,263
4,09,Angela,14,96
4,09,All,1,1
4,09,Michae,1,7
4,09,Woman,5,16
4,09,Officer,1,4
4,09,Neighbor,1,5
4,10,Pam,42,366
4,10,Jim,26,214
4,10,Oscar,2,18
4,10,Andy,14,186
4,10,Kevin,20,212
4,10,Michael,100,1611
4,10,Creed,3,27
4,10,Phyllis,9,70
4,10,Angela,4,13
4,10,Dwight,22,288
4,10,Stanley,1,12
4,10,Margaret,8,42
4,10,Paul,2,23
4,10,Michael/Dwight,1,49
4,10,Kelly,7,67
4,10,Toby,1,45
4,11,Pam,17,157
4,11,Michael,104,1115
4,11,Dwight,48,351
4,11,Jim,43,464
4,11,Oscar,8,54
4,11,Angela,5,24
4,11,Ryan,70,612
4,11,Stanley,6,82
4,11,Phyllis,5,23
4,11,Creed,2,16
4,11,Kelly,5,48
4,11,Andy,4,60
4,11,Kevin,4,17
4,11,Troy,5,60
4,11,Waitress,1,5
4,11,Toby,8,111
4,11,Meredith,1,1
4,11,Bartender,2,8
4,11,Hank,6,33
4,12,Michael,88,1189
4,12,Pam,30,248
4,12,Kevin,8,100
4,12,Jim,31,272
4,12,Phyllis,9,49
4,12,Andy,14,153
4,12,Kelly,6,80
4,12,Oscar,2,11
4,12,Dwight,22,251
4,12,Angela,3,13
4,12,Stanley,20,218
4,12,Toby,10,106
4,12,Creed,1,40
4,12,Darryl,8,24
4,12,Ryan,14,261
4,12,Meredith,1,2
4,13,Michael,74,1182
4,13,Oscar,5,16
4,13,Darryl,5,30
4,13,Kelly,1,14
4,13,Dwight,10,175
4,13,Pam,34,309
4,13,Jim,21,350
4,13,Andy,14,147
4,13,Phil,10,122
4,13,Kevin,9,94
4,13,Meredith,1,8
4,13,Phyllis,2,10
4,13,Creed,4,28
4,13,Justin,14,61
4,13,Kid,2,5
4,13,Angela,4,7
4,13,Maguire,1,5
4,13,Brad,18,93
4,14,Dwight,48,409
4,14,Jim,76,814
4,14,Pam,47,349
4,14,Michael,161,2000
4,14,Toby,50,515
4,14,Kelly,4,78
4,14,Angela,17,160
4,14,Phyllis,23,262
4,14,Holly,70,537
4,14,Stanley,5,67
4,14,Creed,8,97
4,14,Kevin,23,141
4,14,Ryan,5,38
4,14,Meredith,9,54
4,14,Darryl,3,5
4,14,Jan,24,218
4,14,Andy,12,252
4,14,Holy,1,13
4,14,Hank,1,7
4,14,Troy,6,35
4,14,Someone,1,2
4,14,Oscar,3,18
4,14,Co-workers,2,7
5,01,Michael,129,1718
5,01,Dwight,59,565
5,01,Meredith,7,46
5,01,Stanley,8,135
5,01,Creed,5,22
5,01,Darryl,11,101
5,01,Andy,31,529
5,01,Holly,54,530
5,01,Oscar,24,161
5,01,Jim,67,721
5,01,Pam,34,229
5,01,Angela,26,223
5,01,Ronnie,3,15
5,01,Professor,5,92
5,01,Kelly,17,194
5,01,Jan,13,122
5,01,Kevin,12,43
5,01,Phyllis,16,158
5,01,Ryan,20,200
5,01,Friend,5,38
5,01,JIM9334,2,28
5,01,Receptionitis15,1,1
5,01,Micheal,2,2
5,01,Toby,3,82
5,02,Pam,9,42
5,02,Jim,29,297
5,02,Oscar,7,110
5,02,Angela,2,25
5,02,Kevin,13,140
5,02,Andy,12,84
5,02,Dwight,14,104
5,02,Michael,64,926
5,02,Creed,2,25
5,02,Holly,53,814
5,02,Ryan,12,207
5,02,Phyllis,6,134
5,02,Kelly,3,45
5,02,Stanley,5,27
5,02,Meredith,23,276
5,02,Dight,1,1
5,02,Micheal,3,28
5,02,Kendall,6,132
5,03,Dwight,39,347
5,03,Michael,78,921
5,03,Jim,28,238
5,03,Andy,13,81
5,03,Phyllis,7,56
5,03,Angela,16,152
5,03,Meredith,1,1
5,03,Kevin,12,79
5,03,Oscar,4,39
5,03,Pam,25,305
5,03,Holly,13,66
5,03,Stanley,2,49
5,03,Jan,48,589
5,03,Kelly,2,19
5,03,Creed,2,9
5,03,Darryl,9,58
5,03,Toby,3,14
5,04,Receptionist,1,3
5,04,Pam,11,146
5,04,Michael,94,1274
5,04,Holly,36,239
5,04,Andy,7,81
5,04,Dwight,33,388
5,04,Phyllis,24,196
5,04,Angela,8,42
5,04,Oscar,5,50
5,04,Kevin,5,28
5,04,Jim,36,229
5,04,Creed,2,24
5,04,Darryl,8,66
5,04,Roy,14,43
5,04,Bob,10,20
5,04,All,1,3
5,04,Stanley,1,8
5,05,Kelly,7,59
5,05,Phyllis,5,43
5,05,Ryan,4,21
5,05,Oscar,6,72
5,05,Creed,2,17
5,05,Kevin,5,22
5,05,Andy,44,508
5,05,Jim,25,218
5,05,Pam,25,287
5,05,Dwight,38,390
5,05,Michael,101,889
5,05,Holly,73,474
5,05,Darryl,55,401
5,05,Tom,13,105
5,05,Pete,15,141
5,05,Meredith,1,21
5,05,Stanley,1,1
5,05,Angela,8,53
5,06,Michael,72,789
5,06,Dwight,88,908
5,06,Darryl,1,26
5,06,Andy,29,313
5,06,Jim,99,757
5,06,Kelly,21,191
5,06,Kevin,2,11
5,06,Group,1,4
5,06,Mother,4,11
5,06,Pam,33,261
5,06,Alex,10,224
5,06,Angela,6,88
5,06,Customer,5,27
5,06,Ryan,6,93
5,06,Meredith,1,11
5,06,Phyllis,4,32
5,06,Stanley,4,19
5,07,Michael,73,934
5,07,Jim,22,129
5,07,Meredith,3,7
5,07,Kevin,2,9
5,07,Creed,1,3
5,07,Phyllis,2,6
5,07,Stanley,3,6
5,07,Dwight,15,127
5,07,Andy,66,490
5,07,Oscar,37,222
5,07,Stewardess,1,7
5,07,Beth,4,27
5,07,Ryan,13,130
5,07,Kelly,15,125
5,07,Concierge,3,49
5,07,Pam,14,151
5,07,Marie,5,24
5,07,Guy,1,5
5,07,Angela,8,21
5,07,Client,2,19
5,08,Angela,1,16
5,08,Kevin,2,18
5,08,Dwight,30,410
5,08,Jim,31,458
5,08,Michael,82,892
5,08,Ryan,18,233
5,08,Kelly,10,53
5,08,Toby,29,195
5,08,David,11,71
5,08,Pam,23,157
5,08,Andy,4,52
5,08,Phyllis,3,14
5,08,Creed,2,29
5,08,Leo,3,15
5,09,Oscar,31,378
5,09,Michael,93,942
5,09,Pam,51,339
5,09,Stanley,4,15
5,09,Toby,2,27
5,09,Jim,31,190
5,09,Meredith,1,10
5,09,Creed,1,5
5,09,Andy,18,171
5,09,Dwight,29,408
5,09,Angela,23,144
5,09,Kevin,3,20
5,09,Kelly,1,9
5,09,Phyllis,2,3
5,09,Hank,13,119
5,09,David,6,46
5,10,Dwight,27,346
5,10,Jim,26,161
5,10,Stanley,4,16
5,10,Phyllis,19,274
5,10,Michael,65,925
5,10,Angela,12,124
5,10,Meredith,36,274
5,10,Pam,6,38
5,10,Andy,8,232
5,10,Guy,3,14
5,10,Oscar,5,33
5,10,Kevin,3,43
5,10,Toby,15,183
5,10,Kelly,1,8
5,10,Creed,1,8
5,10,Sasha,1,3
5,10,Darryl,6,31
5,11,Pam,5,66
5,11,Michael,46,584
5,11,Dwight,65,506
5,11,Phyllis,3,14
5,11,Jim,27,210
5,11,Stanley,2,6
5,11,Oscar,10,77
5,11,Everyone,1,1
5,11,Angela,22,203
5,11,Kevin,5,61
5,11,Andy,62,420
5,11,Meredith,6,48
5,11,David,8,145
5,11,Creed,2,4
5,11,Kelly,2,22
5,12,Dwight,71,679
5,12,Jim,13,240
5,12,Phyllis,4,16
5,12,Stanley,4,71
5,12,Michael,84,725
5,12,David,9,136
5,12,Andy,3,36
5,12,Creed,1,3
5,12,Kevin,12,89
5,12,Meredith,2,9
5,12,Pam,5,38
5,12,Angela,3,51
5,12,Oscar,3,60
5,12,Kelly,2,39
5,13,Dwight,73,874
5,13,Angela,16,100
5,13,Pam,32,442
5,13,Phyllis,11,58
5,13,Andy,23,317
5,13,Kevin,8,54
5,13,Michael,118,1886
5,13,Everyone,3,18
5,13,Jim,35,231
5,13,Stanley,28,190
5,13,Oscar,11,73
5,13,Lawyer,2,8
5,13,David,1,12
5,13,Michel,1,23
5,13,Rose,8,95
5,13,Creed,4,26
5,13,Kelly,3,44
5,13,Lily,6,62
5,13,Sam,6,107
5,13,Meredith,3,43
5,13,Group,1,2
5,13,Darryl,6,40
5,14,Michael,55,1109
5,14,Jim,34,243
5,14,Pam,35,253
5,14,Kelly,8,103
5,14,Dwight,25,218
5,14,Phyllis,3,14
5,14,Julia,13,77
5,14,Stanley,7,66
5,14,Andy,27,461
5,14,Rolando,2,19
5,14,Karen,20,159
5,14,Mark,2,8
5,14,Oscar,1,5
5,14,Creed,5,51
5,15,Michael,50,587
5,15,Karen,2,10
5,15,Pam,38,348
5,15,Oscar,13,77
5,15,Kevin,18,87
5,15,Angela,19,320
5,15,Meredith,9,34
5,15,Creed,2,15
5,15,Dwight,33,305
5,15,Kelly,18,194
5,15,Jim,33,346
5,15,Phyllis,1,4
5,15,Receptionist,5,52
5,15,Stanley,2,19
5,15,A.J.,8,31
5,15,Woman,1,8
5,15,Man,1,8
5,15,All,1,2
5,16,Pam,32,222
5,16,Jim,35,186
5,16,Michael,86,1156
5,16,Dwight,31,300
5,16,Kevin,15,165
5,16,Kelly,9,79
5,16,Phyllis,11,74
5,16,Hank,1,1
5,16,Meredith,3,18
5,16,Bob,9,62
5,16,Oscar,14,126
5,16,Angela,4,67
5,16,Lynn,6,16
5,16,Blonde,6,36
5,16,Eric,1,2
5,16,Girl,1,4
5,16,Stanley,2,27
5,17,Pam,24,247
5,17,Michael,113,1437
5,17,Dwight,71,508
5,17,Jim,39,376
5,17,Andy,12,147
5,17,Kevin,10,110
5,17,Oscar,7,27
5,17,Darryl,3,27
5,17,Creed,2,6
5,17,Stanley,1,18
5,17,David,25,299
5,17,Lynn,3,3
5,18,Dwight,15,159
5,18,Michael,95,1332
5,18,Jim,25,351
5,18,Pam,13,141
5,18,Charles,65,521
5,18,Kelly,7,52
5,18,Angela,8,59
5,18,Kevin,5,32
5,18,Andy,6,42
5,18,Stanley,2,8
5,18,Oscar,3,8
5,18,David,18,138
5,18,Stephanie,6,13
5,18,Employees,1,21
5,18,Phyllis,3,19
5,18,Meredith,1,5
5,18,Creed,2,18
5,19,Michael,88,1075
5,19,Kelly,3,26
5,19,Oscar,12,144
5,19,Everyone,1,0
5,19,Pam,38,328
5,19,Stanley,7,37
5,19,Angela,4,32
5,19,Kevin,13,101
5,19,Meredith,2,11
5,19,Jim,26,193
5,19,Andy,14,103
5,19,Dwight,12,109
5,19,Charles,22,226
5,19,Isaac,7,33
5,19,Creed,1,5
5,19,Phone,1,35
5,19,Phyllis,3,16
5,19,Hank,3,9
5,19,Toby,1,34
5,20,Jim,35,235
5,20,Kevin,10,69
5,20,Andy,16,101
5,20,Dwight,17,115
5,20,Angela,3,12
5,20,Stanley,4,21
5,20,Pam,65,510
5,20,Michael,77,1203
5,20,Charles,40,297
5,20,Kelly,1,9
5,20,Phyllis,2,15
5,20,Creed,1,5
5,20,Micheal,1,4
5,20,Vikram,10,107
5,20,Ryan,11,67
5,20,Supervisor,1,5
5,20,Michal,1,14
5,20,Nana,10,57
5,20,Chares,1,3
5,20,Oscar,1,2
5,21,Michael,46,732
5,21,Jim,28,294
5,21,Pam,45,457
5,21,Kelly,5,43
5,21,Charles,25,118
5,21,Erin,16,61
5,21,Kevin,2,13
5,21,Andy,18,117
5,21,Dwight,28,327
5,21,Ryan,25,280
5,21,Toby,3,67
5,21,Oscar,5,31
5,21,Stanley,3,16
5,21,Phyllis,1,3
5,21,Man,1,5
5,21,Creed,2,22
5,21,Meredith,1,6
5,22,Michael,95,1130
5,22,Pam,18,166
5,22,Jim,27,303
5,22,Andy,31,353
5,22,Phyllis,5,21
5,22,Dwight,83,844
5,22,Charles,14,144
5,22,Ryan,9,48
5,22,Secretary,4,17
5,22,Stanley,1,9
5,22,Kelly,1,2
5,22,Kevin,1,6
5,23,Michael,76,880
5,23,Ryan,24,181
5,23,Pam,33,299
5,23,Charles,39,315
5,23,Jim,29,274
5,23,Dwight,25,295
5,23,Stanley,1,12
5,23,Andy,3,46
5,23,Angela,2,31
5,23,David,36,390
5,23,Kelly,2,1
5,23,Kevin,1,1
5,23,Phyllis,1,18
5,23,Ty,2,8
5,23,Erin,1,1
5,24,Kevin,1,73
5,24,Michael,95,1264
5,24,Ryan,25,176
5,24,Pam,30,165
5,24,Dwight,49,509
5,24,Angela,5,62
5,24,Jim,29,270
5,24,Oscar,5,32
5,24,Erin,10,33
5,24,Stanley,12,63
5,24,Phyllis,13,141
5,24,Andy,12,97
5,24,Meredith,8,66
5,24,Toby,13,170
5,24,Creed,9,74
5,24,Kelly,2,22
5,24,Darryl,1,10
5,25,Erin,23,132
5,25,Dwight,32,525
5,25,Pam,19,120
5,25,Jim,17,135
5,25,Michael,85,1159
5,25,Ryan,2,34
5,25,Angela,17,144
5,25,Phyllis,27,144
5,25,Oscar,6,40
5,25,Andy,16,99
5,25,Meredith,1,7
5,25,Kevin,15,122
5,25,Jessica,3,28
5,25,Stanley,2,20
5,25,Kelly,11,78
5,25,Creed,3,30
5,25,Phylis,1,4
5,25,Lynn,7,31
5,26,Erin,3,28
5,26,Jim,24,283
5,26,Pam,25,167
5,26,Dwight,38,436
5,26,Michael,54,491
5,26,Rolph,6,54
5,26,Kevin,5,16
5,26,Holly,38,314
5,26,AJ,8,58
5,26,Charles,12,115
5,26,Andy,12,70
5,26,Man,1,5
5,26,Phyllis,4,21
5,26,Woman,1,2
5,26,Stanley,2,17
5,26,Angela,3,21
5,26,Meredith,2,11
5,26,David,13,204
5,26,Toby,2,13
5,26,Kendall,2,11
5,26,Oscar,2,12
5,26,Both,1,2
5,26,Nurse,3,46
6,01,Michael,95,1167
6,01,Andy,37,308
6,01,Dwight,20,241
6,01,Jim,42,294
6,01,Pam,27,204
6,01,Meredith,4,20
6,01,Oscar,10,116
6,01,Kelly,9,37
6,01,Phyllis,7,55
6,01,Maurie,10,84
6,01,Eric,8,46
6,01,Kevin,14,101
6,01,Stanley,12,125
6,01,Erin,7,37
6,01,Angela,5,34
6,01,Creed,6,52
6,01,Toby,1,16
6,01,Everyone,3,1
6,01,Ryan,1,3
6,01,Megan,3,17
6,02,Michael,70,1043
6,02,Oscar,7,33
6,02,David,34,467
6,02,Jim,19,186
6,02,Pam,24,249
6,02,Darryl,15,151
6,02,Toby,26,257
6,02,Dwight,32,318
6,02,Creed,4,23
6,02,Kelly,3,60
6,02,Andy,7,232
6,02,Phyllis,2,9
6,02,Stanley,2,7
6,02,Kevin,1,5
6,02,Erin,3,17
6,02,Ryan,5,25
6,02,Gwenneth,2,2
6,02,Meredith,6,40
6,02,Angela,3,8
6,03,Dwight,29,385
6,03,Michael,86,1038
6,03,Jim,91,924
6,03,Erin,3,32
6,03,Stanley,3,23
6,03,Oscar,12,131
6,03,Phyllis,13,99
6,03,Pam,17,159
6,03,Ryan,5,82
6,03,Kelly,4,66
6,03,Creed,3,8
6,03,Meredith,9,60
6,03,Kevin,14,93
6,03,Angela,5,52
6,03,Andy,3,37
6,04,Pam,70,617
6,04,Jim,56,670
6,04,Dwight,84,792
6,04,Phyllis,3,34
6,04,Meredith,6,84
6,04,Andy,33,407
6,04,Michael,129,1629
6,04,Erin,10,107
6,04,Kevin,30,278
6,04,Angela,12,87
6,04,Micheal,1,1
6,04,Kelly,3,26
6,04,Stanley,7,56
6,04,Toby,4,28
6,04,Mema,13,162
6,04,Kids,1,1
6,04,Oscar,9,63
6,04,Penny,11,66
6,04,Ryan,3,24
6,04,Isabel,11,82
6,04,Pete,6,43
6,04,Tom,6,44
6,04,Everyone,1,2
6,04,Michel,1,2
6,05,Michael,122,1107
6,05,Toby,3,16
6,05,Andy,55,536
6,05,Creed,1,7
6,05,Meredith,3,23
6,05,Ryan,4,29
6,05,Erin,7,54
6,05,Grotti,30,378
6,05,Kevin,17,159
6,05,Dwight,50,491
6,05,Oscar,18,183
6,05,Phyllis,1,5
6,05,Jim,14,76
6,05,Pam,5,69
6,05,Waitress,7,29
6,05,Rep,6,64
6,05,Woman,4,31
6,05,Kid,1,5
6,06,Erin,12,73
6,06,Kevin,6,21
6,06,Kelly,10,88
6,06,Jim,60,462
6,06,Pam,60,478
6,06,Michael,85,923
6,06,Dwight,30,419
6,06,Meredith,4,22
6,06,Toby,15,148
6,06,Andy,9,70
6,06,Various,1,6
6,06,Angela,5,37
6,06,Oscar,6,48
6,06,Phyllis,2,12
6,06,Creed,1,4
6,06,Ryan,8,42
6,06,Stanley,1,3
6,07,Michael,85,1165
6,07,Kids,2,2
6,07,Jim,49,427
6,07,Darryl,7,108
6,07,Angela,10,43
6,07,Kelly,2,10
6,07,Creed,3,26
6,07,Ryan,1,9
6,07,Meredith,8,64
6,07,Dwight,14,139
6,07,Erin,17,171
6,07,Pam,39,241
6,07,Andy,37,462
6,07,Phyllis,9,79
6,07,Secretary,2,19
6,07,Stanley,3,15
6,07,Oscar,11,59
6,07,Kevin,10,52
6,07,Customer,4,36
6,08,Dwight,50,476
6,08,Stanley,1,2
6,08,Andy,28,250
6,08,Phyllis,2,8
6,08,Michael,114,1243
6,08,Pam,70,475
6,08,Erin,3,29
6,08,Ryan,8,69
6,08,Helene,37,386
6,08,Angela,2,16
6,08,Kevin,6,25
6,08,Kelly,5,37
6,08,Jim,26,144
6,08,Creed,2,11
6,08,Hostess,1,8
6,08,Oscar,3,18
6,08,Michel,1,4
6,08,Toby,7,75
6,08,Meredith,1,20
6,09,Dwight,30,437
6,09,Jim,47,653
6,09,Kevin,11,93
6,09,Michael,67,811
6,09,Andy,24,250
6,09,Erin,15,115
6,09,Pam,12,114
6,09,Oscar,8,152
6,09,Phyllis,5,50
6,09,Stanley,6,23
6,09,Kelly,1,19
6,09,Meredith,4,31
6,09,Angela,6,57
6,09,Ryan,1,19
6,09,Creed,2,23
6,09,David,4,95
6,10,Oscar,18,191
6,10,Dwight,26,303
6,10,Jim,37,473
6,10,Pam,12,96
6,10,Stanley,4,20
6,10,Andy,14,184
6,10,Michael,71,1114
6,10,Meredith,1,8
6,10,Phyllis,7,40
6,10,Kevin,4,23
6,10,Erin,3,22
6,10,Ryan,18,156
6,10,Laurie,5,31
6,10,David,14,106
6,10,Alan,12,150
6,10,Registrar,1,22
6,10,Security,2,9
6,10,Shareholder,1,3
6,10,Creed,1,8
6,10,O'Keefe,5,33
6,11,Andy,22,211
6,11,Michael,68,1036
6,11,Jim,38,350
6,11,Erin,21,199
6,11,Dwight,36,354
6,11,Pam,14,133
6,11,Phyllis,4,29
6,11,Stanley,2,14
6,11,Mikela,9,61
6,11,Students,4,76
6,11,Teacher,4,129
6,11,Lefevre,11,156
6,11,Kevin,6,28
6,11,Oscar,2,5
6,11,Everyone,1,2
6,11,Angela,3,34
6,11,Zion,1,6
6,11,Creed,1,10
6,11,Deliveryman,1,12
6,11,Kelly,1,6
6,11,Stephanie,2,15
6,11,David,8,89
6,11,Ryan,4,43
6,12,Dwight,37,317
6,12,Jim,39,230
6,12,Everyone,1,2
6,12,Oscar,13,59
6,12,Ryan,8,36
6,12,Meredith,3,30
6,12,Phyllis,27,224
6,12,Pam,16,153
6,12,Andy,16,130
6,12,Stanley,5,35
6,12,Erin,11,107
6,12,Kelly,3,12
6,12,Kevin,13,111
6,12,Creed,2,17
6,12,Michael,95,1241
6,12,Group,2,2
6,12,Daryl,3,22
6,12,Office,1,2
6,12,Toby,6,26
6,12,Matt,4,14
6,12,Angela,6,25
6,12,David,19,146
6,12,Stephanie,1,2
6,12,Bob,1,3
6,13,Eric,26,189
6,13,Computron,10,48
6,13,Michael,43,462
6,13,Andy,1,12
6,13,Pam,5,47
6,13,Ryan,1,10
6,13,Dwight,17,118
6,13,Toby,18,125
6,13,Kevin,2,3
6,13,Angela,2,6
6,13,Both,4,15
6,14,Michael,82,1135
6,14,Erin,6,77
6,14,Oscar,5,37
6,14,Dwight,9,45
6,14,Pam,25,167
6,14,Creed,1,6
6,14,Gabe,18,290
6,14,Jim,26,300
6,14,Andy,10,86
6,14,Meredith,2,12
6,14,Angela,2,10
6,14,Stanley,1,2
6,14,Toby,2,6
6,14,Jo,8,165
6,14,Jerry,14,158
6,14,David,34,292
6,14,Everyone,1,8
6,14,Phyllis,1,10
6,14,Kevin,1,11
6,14,All,1,5
6,14,Teddy,6,11
6,14,Both,1,9
6,15,Michael,59,751
6,15,Dwight,37,486
6,15,Gabe,5,43
6,15,Jo,26,424
6,15,Andy,18,165
6,15,Kevin,5,12
6,15,Angela,1,2
6,15,Meredith,3,47
6,15,Jim,26,215
6,15,Erin,23,266
6,15,Kelly,8,123
6,15,Pam,5,46
6,15,Oscar,5,26
6,15,Ryan,19,148
6,15,Nick,5,38
6,15,Phyllis,3,27
6,16,Pam,114,938
6,16,Dwight,39,506
6,16,Jim,115,1003
6,16,Kevin,27,179
6,16,Meredith,6,30
6,16,Michael,101,1318
6,16,Erin,35,263
6,16,Nick,2,32
6,16,Angela,11,70
6,16,Kelly,3,48
6,16,Andy,25,480
6,16,Stanley,3,23
6,16,Phyllis,6,51
6,16,Ryan,2,25
6,16,Oscar,3,31
6,16,Creed,1,2
6,16,Toby,1,3
6,16,Policeman,2,17
6,16,Nurse,19,195
6,16,Doctor,3,21
6,16,Everyone,1,1
6,16,Helene,5,45
6,16,Kathy,3,16
6,16,Dale,1,3
6,16,Clark,13,132
6,16,Isabelle,9,55
6,17,Michael,50,628
6,17,Kelly,3,28
6,17,Ryan,3,21
6,17,Meredith,4,37
6,17,Erin,20,153
6,17,Jim,40,268
6,17,Phyllis,1,1
6,17,Stanley,1,1
6,17,Andy,24,211
6,17,Dwight,29,373
6,17,Jo,53,683
6,17,Pam,1,25
6,17,Angela,3,34
6,17,Kevin,3,42
6,17,Oscar,4,35
6,17,Daryl,13,148
6,17,Gabe,3,70
6,17,D,1,15
6,17,Reid,5,36
6,18,Michael,81,968
6,18,Jim,48,385
6,18,Stanley,9,58
6,18,Dwight,42,412
6,18,Phyllis,16,189
6,18,Andy,14,108
6,18,Angela,5,76
6,18,Darryl,9,71
6,18,Erin,7,48
6,18,Gabe,7,65
6,18,Miichael,1,2
6,18,Kelly,8,80
6,18,Ryan,3,15
6,18,Pam,3,26
6,18,Kevin,7,42
6,18,Meredith,3,14
6,18,Toby,2,31
6,19,Dwight,34,247
6,19,Michael,74,670
6,19,Jim,33,234
6,19,Meredith,1,8
6,19,Angela,17,128
6,19,Creed,1,3
6,19,Phyllis,6,53
6,19,Everyone,1,3
6,19,Oscar,20,143
6,19,Stanley,1,2
6,19,Matt,5,31
6,19,Darryl,10,143
6,19,Andy,35,341
6,19,Pam,31,186
6,19,Erin,16,70
6,19,Kevin,7,38
6,19,Julie,12,75
6,19,Isabel,18,97
6,19,Hide,2,70
6,19,Ryan,5,38
6,19,Kelly,4,30
6,19,Bouncer,1,4
6,20,Andy,25,454
6,20,Oscar,6,37
6,20,Kevin,20,187
6,20,Phyllis,3,9
6,20,Dwight,17,173
6,20,Ryan,5,27
6,20,Kelly,5,30
6,20,Angela,5,52
6,20,Meredith,9,42
6,20,Erin,52,489
6,20,Pam,28,224
6,20,Jim,8,107
6,20,Dwight.,1,2
6,20,Michael,45,519
6,20,Darryl,3,21
6,20,Gabe,23,367
6,20,Toby,3,52
6,21,Michael,86,896
6,21,Erin,9,72
6,21,Jim,37,222
6,21,Dwight,42,575
6,21,Oscar,9,126
6,21,Angela,3,11
6,21,Pam,26,249
6,21,Donna,38,247
6,21,Gabe,14,171
6,21,Darryl,4,47
6,21,Kelly,26,290
6,21,Kevin,7,60
6,21,Phyllis,3,41
6,21,Ryan,4,39
6,21,Andy,3,62
6,21,Mihael,1,4
6,21,Stanley,2,24
6,21,All,1,1
6,22,Dwight,34,443
6,22,Jim,14,137
6,22,Pam,37,396
6,22,Michael,85,843
6,22,Stanley,3,29
6,22,Andy,28,298
6,22,Darryl,26,267
6,22,Meredith,1,15
6,22,Kelly,7,63
6,22,Ryan,2,31
6,22,Gabe,4,113
6,22,Donna,35,194
6,22,Erin,3,14
6,22,Creed,2,46
6,22,Glen,1,6
6,23,Toby,4,47
6,23,Michael,80,1193
6,23,Everyone,4,7
6,23,Jim,21,117
6,23,Dwight,33,256
6,23,Creed,4,30
6,23,Oscar,3,27
6,23,Ryan,11,110
6,23,Stanley,2,24
6,23,Angela,17,132
6,23,Pam,30,286
6,23,Erin,11,109
6,23,Kevin,6,21
6,23,Lawyer,11,132
6,23,Andy,41,463
6,23,Phyllis,8,26
6,23,Meredith,3,33
6,23,Kelly,5,49
6,23,Gabe,6,105
6,23,Shane,11,64
6,23,Darryl,4,79
6,23,Reporter,3,21
6,24,Michael,67,988
6,24,Oscar,2,20
6,24,Jim,13,90
6,24,Angela,4,49
6,24,Phyllis,5,38
6,24,Dwight,18,283
6,24,Jo,42,575
6,24,Kevin,6,37
6,24,Andy,17,211
6,24,Nick,11,226
6,24,Darryl,6,64
6,24,Toby,7,32
6,24,Pam,17,170
6,24,Kelly,5,85
6,24,Ryan,2,63
6,24,Erin,4,28
6,24,Realtor,4,43
6,24,Gabe,5,73
6,24,Creed,2,25
6,24,Stanley,2,9
6,24,Hank,1,15
7,01,Stanley,5,19
7,01,Ryan,3,24
7,01,Kelly,5,99
7,01,Creed,4,64
7,01,Angela,3,38
7,01,Andy,16,167
7,01,Michael,58,1002
7,01,All,2,2
7,01,Dwight,21,201
7,01,Phyllis,7,72
7,01,Toby,3,22
7,01,Erin,7,80
7,01,Gabe,11,122
7,01,Pam,25,218
7,01,Kevin,5,41
7,01,Jim,22,257
7,01,Luke,18,141
7,01,Oscar,8,81
7,01,Darryl,5,70
7,01,Meredith,3,13
7,01,Jo,7,121
7,01,Both,2,5
7,02,Dwight,48,589
7,02,Pam,39,461
7,02,Jim,34,266
7,02,Mose,2,3
7,02,Toby,35,321
7,02,Michael,31,638
7,02,Phyllis,3,29
7,02,Ryan,3,15
7,02,Andy,13,173
7,02,Stanley,3,23
7,02,Kelly,6,50
7,02,Creed,1,6
7,02,Erin,4,47
7,02,Oscar,7,26
7,02,Darryl,4,33
7,02,Angel,1,8
7,02,Angela,4,12
7,02,Gabe,17,185
7,02,Salesman,10,65
7,03,Erin,19,272
7,03,Jim,19,134
7,03,Andy,48,524
7,03,Angela,16,187
7,03,Michael,43,500
7,03,Pam,17,189
7,03,Dwight,17,167
7,03,Stanley,2,15
7,03,Phyllis,4,20
7,03,Usher,2,28
7,03,All,2,7
7,03,Darryl,11,90
7,03,Kelly,2,5
7,03,Shelby,8,41
7,03,Meredith,1,1
7,03,Creed,2,32
7,03,Oscar,1,6
7,04,Dwight,41,475
7,04,Son,4,37
7,04,Nate,7,20
7,04,Angela,2,19
7,04,Phyllis,5,37
7,04,Ryan,1,4
7,04,Kelly,5,33
7,04,Andy,40,470
7,04,Pam,8,76
7,04,Michel,1,8
7,04,Erin,4,11
7,04,Michael,88,918
7,04,Meredith,7,54
7,04,Kevin,10,46
7,04,Jim,4,19
7,04,Oscar,7,56
7,04,Donna,7,42
7,04,Stanley,4,19
7,04,Holly,16,138
7,04,Jan,16,258
7,04,Astrid,3,8
7,04,Creed,2,7
7,04,Darryl,8,107
7,04,Helene,4,47
7,04,Carroll,14,109
7,04,Gabe,3,80
7,04,Carrol,1,20
7,05,Michael,85,1119
7,05,Oscar,16,89
7,05,Pam,10,85
7,05,Dwight,56,503
7,05,Kevin,12,77
7,05,Meredith,15,138
7,05,Kelly,3,19
7,05,Jim,59,366
7,05,All,4,36
7,05,Andy,38,391
7,05,Phyllis,8,45
7,05,Danny,40,331
7,05,Angela,2,6
7,05,Darryl,23,132
7,05,Receptionist,1,4
7,05,Steve,5,26
7,05,Stanley,5,24
7,05,Erin,2,4
7,05,Ryan,3,26
7,05,Creed,2,9
7,06,Andy,16,213
7,06,Jim,27,338
7,06,Stanley,7,46
7,06,Kevin,19,187
7,06,Michael,59,829
7,06,All,1,1
7,06,Pam,24,303
7,06,Dwight,14,222
7,06,Oscar,8,115
7,06,Erin,7,38
7,06,Gabe,14,193
7,06,Danny,28,227
7,06,Darryl,26,179
7,06,Toby,4,8
7,06,Ryan,6,52
7,06,Kelly,5,60
7,06,Creed,3,39
7,06,Phyllis,5,16
7,06,Angela,5,92
7,06,Meredith,1,7
7,07,Pam,33,365
7,07,Kelly,2,16
7,07,Michael,74,907
7,07,Jim,38,304
7,07,Erin,9,80
7,07,Dwight,16,274
7,07,Angela,8,80
7,07,Andy,25,257
7,07,Ryan,6,62
7,07,Toby,3,49
7,07,Pastor,6,76
7,07,All,1,2
7,07,Lady,1,2
7,07,Doug,5,50
7,07,Stanley,3,37
7,07,Kevin,4,43
7,07,Girl,9,176
7,07,Phyllis,5,39
7,07,Woman,3,20
7,07,Oscar,2,22
7,07,Darryl,2,17
7,07,Mee-Maw,1,11
7,07,Students,1,1
7,07,Guy,8,46
7,07,Gabe,2,22
7,07,MeeMaw,1,8
7,07,Carla,2,8
7,07,Helene,1,8
7,07,Radio,1,40
7,08,Erin,42,328
7,08,Reporter,2,16
7,08,Michael,56,755
7,08,Kevin,9,73
7,08,Dwight,26,330
7,08,Angela,9,68
7,08,Gabe,18,178
7,08,Jim,18,131
7,08,Kelly,13,156
7,08,Andy,27,240
7,08,Stanley,1,1
7,08,Cece,1,0
7,08,Pam,23,277
7,08,Phyllis,12,104
7,08,Oscar,7,58
7,08,Ryan,3,62
7,08,Daryl,6,73
7,08,TV,1,7
7,08,Creed,4,23
7,09,Dwight,24,382
7,09,Michael,66,691
7,09,Jim,23,211
7,09,Pam,28,258
7,09,Erin,7,39
7,09,Andy,10,74
7,09,Kevin,9,46
7,09,Meridith,2,7
7,09,Angela,20,119
7,09,Ryan,54,551
7,09,Guy,1,6
7,09,Gabe,7,133
7,09,Stanley,7,75
7,09,Phyllis,1,10
7,09,Phyliss,1,8
7,09,Oscar,5,44
7,09,Kids,1,1
7,09,Kid,1,6
7,09,Daryl,10,97
7,09,Kelly,5,84
7,09,Micheal,1,1
7,09,Man,10,102
7,09,Creed,3,35
7,09,Jo,2,58
7,10,Dwight,48,719
7,10,Jim,27,260
7,10,Pam,45,453
7,10,Hank,3,24
7,10,Andy,23,175
7,10,Michael,56,728
7,10,Erin,10,101
7,10,Darryl,13,120
7,10,Stanley,6,55
7,10,Nate,13,76
7,10,Angela,3,13
7,10,Phyllis,3,30
7,10,Kevin,8,53
7,10,Oscar,25,254
7,10,Ryan,7,48
7,10,Meredith,2,10
7,10,Gabe,1,8
7,10,Kelly,8,65
7,10,Creed,2,13
7,10,Passer-by,5,14
7,11,Nate,4,30
7,11,Pam,69,783
7,11,Michael,127,1753
7,11,Jim,50,288
7,11,Kevin,15,166
7,11,Andy,28,294
7,11,Dwight,38,391
7,11,Phyllis,13,91
7,11,Erin,18,128
7,11,All,1,2
7,11,Meredith,10,70
7,11,Angela,26,223
7,11,Stanley,5,75
7,11,Kelly,14,166
7,11,Gabe,6,68
7,11,Darryl,23,295
7,11,Oscar,10,62
7,11,Toby,25,249
7,11,Ryan,11,124
7,11,Creed,4,16
7,11,Justine,2,22
7,11,Holly,50,460
7,11,Jada,20,70
7,11,Robert,5,23
7,11,AJ,15,69
7,11,Darrly,1,2
7,12,Man,3,28
7,12,Dwight,34,372
7,12,Jim,8,42
7,12,Member,2,7
7,12,Michael,75,883
7,12,Erin,21,137
7,12,Angela,7,14
7,12,Pam,31,314
7,12,Phyllis,9,77
7,12,Kelly,10,47
7,12,Holly,19,233
7,12,Kevin,19,144
7,12,Andy,21,214
7,12,Oscar,3,24
7,12,Darryl,21,213
7,12,Customer,2,2
7,12,Gabe,2,2
7,12,Creed,13,83
7,12,Ryan,6,49
7,12,DJ,3,24
7,12,Meredith,1,8
7,13,Michael,37,481
7,13,David,12,91
7,13,Erin,24,150
7,13,Andy,47,669
7,13,Jim,23,158
7,13,Pam,18,148
7,13,Dwight,19,120
7,13,Phyllis,3,10
7,13,Stanley,2,3
7,13,Holly,12,74
7,13,Oscar,14,105
7,13,Kevin,8,134
7,13,Kelly,12,130
7,13,Ryan,8,44
7,13,Hank,2,12
7,13,Gabe,7,135
7,13,Guy,2,25
7,13,Darryl,3,30
7,13,Tom,10,69
7,14,Kelly,9,112
7,14,Erin,13,119
7,14,Phyllis,10,48
7,14,Meredith,3,7
7,14,Andy,12,32
7,14,Ryan,6,84
7,14,Pam,34,223
7,14,Kevin,6,23
7,14,Oscar,11,75
7,14,Jim,32,310
7,14,Michael,42,666
7,14,Holly,28,191
7,14,Helen,5,45
7,14,Guy,1,1
7,14,Attendant,4,33
7,14,Dwight,23,285
7,14,Gabe,22,325
7,14,Darryl,6,57
7,14,Darrly,1,3
7,14,Office,1,1
7,14,Waiter,8,45
7,14,Micahel,1,6
7,14,Stanley,3,13
7,14,Angela,1,15
7,15,Pam,24,203
7,15,Darryl,16,118
7,15,Andy,37,227
7,15,Phyllis,3,35
7,15,Holly,36,286
7,15,Michael,64,705
7,15,Gabe,19,253
7,15,Erin,38,217
7,15,Oscar,15,73
7,15,Jim,23,122
7,15,Dwight,17,155
7,15,Angela,6,49
7,15,Kevin,11,76
7,15,Everyone,1,0
7,15,Ryan,6,83
7,15,Meredith,1,6
7,15,Creed,1,12
7,15,Stanley,1,3
7,15,Hank,2,31
7,15,Kelly,1,12
7,16,Michael,71,931
7,16,Delivery,1,8
7,16,Erin,1,32
7,16,Pam,6,78
7,16,Creed,1,2
7,16,Holly,15,97
7,16,Narrator,6,158
7,16,Samuel,15,102
7,16,Dwight,4,62
7,16,President,7,96
7,16,Daryl,1,35
7,16,Kevin,4,26
7,16,Goldenface,19,128
7,16,Jim,4,47
7,16,Ryan,2,41
7,16,Oscar,2,9
7,16,Jan,4,25
7,16,Helene,3,18
7,16,Billy,6,108
7,16,Karen,2,20
7,16,Kelly,1,6
7,16,Andy,2,14
7,16,Hostage,1,6
7,16,Rapper,1,57
7,17,Dwight,31,340
7,17,Kevin,13,130
7,17,Meredith,3,43
7,17,Todd,37,430
7,17,Michael,47,631
7,17,Holly,21,140
7,17,Jim,29,301
7,17,Erin,6,61
7,17,Gabe,1,4
7,17,Pam,32,313
7,17,Ryan,4,25
7,17,Kelly,3,39
7,17,Andy,24,372
7,17,Stanley,1,9
7,17,Phyllis,1,10
7,17,Holy,1,7
7,17,Oscar,1,26
7,17,Angela,1,2
7,17,Daryl,4,47
7,18,Pam,32,329
7,18,Oscar,7,79
7,18,Dwight,31,376
7,18,Jim,24,210
7,18,Andy,17,116
7,18,Meredith,3,7
7,18,Kevin,18,143
7,18,Michael,72,950
7,18,Holly,47,293
7,18,Lady,1,7
7,18,Kelly,3,34
7,18,Darryl,10,82
7,18,Micahel,1,5
7,18,Ryan,9,139
7,18,Phyllis,3,67
7,18,Stanley,1,3
7,18,Gabe,1,4
7,18,Angela,1,4
7,19,Michael,55,590
7,19,Waiter,1,6
7,19,Deangelo,70,736
7,19,Deangelo/Michael,2,2
7,19,Oscar,3,47
7,19,Kevin,3,29
7,19,Dwight,9,129
7,19,Kelly,5,40
7,19,Darryl,8,69
7,19,Angela,3,47
7,19,Andy,12,142
7,19,Pam,8,67
7,19,Jim,8,57
7,19,Meredith,1,4
7,19,Stanley,2,10
7,19,Erin,10,71
7,19,Denagelo,1,2
7,19,Ryan,2,6
7,19,Phyllis,1,6
7,19,Gabe,4,68
7,20,Michael,82,1061
7,20,DeAngelo,54,581
7,20,Jim,23,179
7,20,Pam,15,129
7,20,Stanley,3,19
7,20,Meredith,6,57
7,20,Erin,12,175
7,20,Dwight,13,164
7,20,Kevin,6,36
7,20,Phyllis,2,18
7,20,Ryan,6,82
7,20,Andy,4,59
7,20,Darryl,3,18
7,20,"""Jo""",4,48
7,20,"""Angela""",1,7
7,20,Audience,2,4
7,20,Angela,1,11
7,20,Oscar,6,37
7,20,"""Jim""",1,15
7,20,"""Phyllis""",1,15
7,20,Together,1,2
7,20,Manager,3,17
7,20,Gabe,2,25
7,20,All,4,53
7,20,Toby,2,63
7,20,Women,1,6
7,20,Creed,1,6
7,21,Michael,116,1487
7,21,Dwight,15,160
7,21,DeAngelo,24,403
7,21,Gabe,10,97
7,21,Andy,24,180
7,21,Jim,18,174
7,21,Phyllis,18,151
7,21,Angela,12,83
7,21,Pam,20,176
7,21,Meredith,6,70
7,21,Stanley,7,26
7,21,Kevin,11,44
7,21,Oscar,6,33
7,21,Holly,6,50
7,21,Toby,5,52
7,21,Kelly,3,32
7,21,Ryan,3,6
7,21,Erin,12,85
7,21,abe,1,20
7,21,Creed,2,7
7,21,Rory,2,21
7,21,Darryl,3,33
7,21,DeAgnelo,1,4
7,21,Client,1,2
7,22,Deangelo,85,994
7,22,Toby,1,1
7,22,Oscar,2,13
7,22,Kevin,12,102
7,22,Darryl,6,43
7,22,Pam,24,278
7,22,Jim,39,323
7,22,Andy,9,183
7,22,Dwight,20,172
7,22,Gabe,6,46
7,22,Ryan,15,241
7,22,Kelly,15,184
7,22,Phyllis,4,24
7,22,Angela,4,59
7,22,Erin,3,8
7,22,Jordan,9,50
7,23,Pam,11,83
7,23,Dwight,73,928
7,23,Phyllis,5,28
7,23,Jim,28,544
7,23,All,2,29
7,23,Angela,11,47
7,23,Erin,13,82
7,23,Kelly,6,74
7,23,Andy,26,198
7,23,Gabe,20,273
7,23,Kevin,20,113
7,23,Creed,2,14
7,23,Jordan,2,8
7,23,Oscar,4,33
7,23,Meredith,1,19
7,23,Toby,6,58
7,23,Darryl,5,35
7,23,Stanley,1,6
7,23,Ryan,2,12
7,23,Jo,13,193
7,24,Creed,17,237
7,24,Jim,90,904
7,24,Pam,32,225
7,24,Kevin,14,146
7,24,Fred,9,115
7,24,Toby,13,131
7,24,Gabe,30,363
7,24,Stanley,4,69
7,24,Darryl,27,277
7,24,Phyllis,20,248
7,24,Andy,26,408
7,24,Erin,23,206
7,24,Dwight,42,552
7,24,Warren,2,36
7,24,Angela,11,235
7,24,Robert,10,252
7,24,Merv,10,175
7,24,Kelly,17,287
7,24,Meredith,6,51
7,24,Oscar,22,143
7,24,Ryan,11,165
7,24,Nellie,9,199
7,24,Jo,28,367
7,24,Jordan,2,6
7,24,All,1,9
7,24,Jada,2,25
8,01,Andy,41,673
8,01,Dwight,30,254
8,01,Kelly,5,61
8,01,Jim,32,263
8,01,Pam,17,156
8,01,Angela,6,34
8,01,Erin,7,43
8,01,Robert,31,389
8,01,Phyllis,10,47
8,01,Stanley,6,44
8,01,Kevin,9,41
8,01,Meredith,3,17
8,01,Everyone,2,2
8,01,Oscar,4,21
8,01,Darryl,3,13
8,01,Ryan,2,51
8,01,Creed,1,18
8,01,Toby,1,4
8,01,All,1,1
8,01,Waiter,2,29
8,01,Gabe,1,48
8,02,Jim,39,493
8,02,Kevin,18,116
8,02,Pam,30,206
8,02,Oscar,7,36
8,02,Angela,14,112
8,02,Andy,76,902
8,02,Dwight,18,176
8,02,Phyllis,8,59
8,02,Ryan,5,25
8,02,Stanley,5,49
8,02,Erin,18,175
8,02,Darryl,4,39
8,02,Robert,19,242
8,02,Meredith,5,16
8,02,Justine,3,13
8,02,Kelly,3,21
8,02,Group,2,2
8,02,All,1,2
8,02,Toby,1,5
8,03,Dwight,34,327
8,03,Oscar,16,144
8,03,Erin,9,43
8,03,Jim,51,543
8,03,Andy,54,713
8,03,Darryl,43,438
8,03,Kelly,5,28
8,03,Kevin,19,166
8,03,Meredith,2,13
8,03,Pam,21,205
8,03,Phyllis,4,36
8,03,Ryan,4,40
8,03,Angela,3,19
8,03,Gideon,2,25
8,03,Nate,3,92
8,03,Bruce,1,2
8,04,Jim,17,136
8,04,Andy,56,615
8,04,Pam,13,96
8,04,Erin,2,8
8,04,Meredith,6,76
8,04,Dwight,16,168
8,04,Ryan,6,60
8,04,Oscar,10,68
8,04,Kelly,3,20
8,04,Phyllis,2,10
8,04,Darryl,8,113
8,04,Stanley,1,16
8,04,Kevin,4,34
8,04,Angela,10,146
8,04,Robert,15,239
8,04,Toby,5,28
8,04,Mose,5,41
8,04,Walter,19,137
8,04,Ellen,3,12
8,04,Waiter,1,11
8,04,Gabe,2,24
8,05,Andy,23,240
8,05,Kevin,8,56
8,05,Phyllis,6,40
8,05,Kelly,12,87
8,05,Meredith,5,80
8,05,Erin,30,330
8,05,Darryl,8,30
8,05,Jim,25,334
8,05,Ryan,2,11
8,05,Dwight,17,141
8,05,Pam,25,213
8,05,Oscar,10,63
8,05,Robert,29,517
8,05,Bert,19,147
8,05,Gabe,7,58
8,05,Toby,6,37
8,05,Gabe/Kelly/Toby,1,12
8,05,Angela,3,18
8,05,Stanley,3,40
8,05,Creed,3,14
8,06,Andy,50,506
8,06,Erin,7,50
8,06,Jim,37,284
8,06,Andy/Stanley,1,9
8,06,Robert,32,228
8,06,Dwight,40,584
8,06,Darryl,13,99
8,06,Val,9,50
8,06,Gabe,19,241
8,06,Toby,7,48
8,06,Kevin,7,28
8,06,Kelly,5,45
8,06,Ryan,2,21
8,06,Stanley,4,54
8,06,Oscar,9,72
8,06,Phyllis,2,15
8,06,Angela,6,45
8,06,Pam,20,138
8,07,Andy,40,413
8,07,Erin,13,66
8,07,Client,3,16
8,07,Dwight,47,562
8,07,Darryl,20,168
8,07,Pam,56,440
8,07,Cathy,10,62
8,07,Ryan,6,62
8,07,Jim,32,116
8,07,Gabe,2,30
8,07,Toby,4,52
8,07,Oscar,4,24
8,07,Offscreen,1,2
8,07,Phyllis,2,9
8,07,Val,3,20
8,07,Kevin,13,75
8,07,Robert,10,70
8,07,Kelly,6,119
8,07,Curtis,2,6
8,07,Drummer,1,3
8,07,Creed,2,9
8,08,Gabe,7,151
8,08,Kelly,5,26
8,08,Andy,49,770
8,08,Pam,11,107
8,08,Phyllis,11,91
8,08,Ryan,10,186
8,08,Oscar,18,106
8,08,Meredith,1,2
8,08,Jim,22,266
8,08,Erin,16,79
8,08,Everyone,4,15
8,08,Angela,1,10
8,08,Dwight,24,262
8,08,Darryl,13,99
8,08,Kevin,12,196
8,08,Robert,20,197
8,08,Stanley,3,86
8,08,Chelsea,1,3
8,08,Man,1,4
8,08,Archivist,2,18
8,08,Narrator,2,50
8,08,Soldier,1,36
8,08,Amanda,1,75
8,09,Dwight,41,515
8,09,Creed,2,14
8,09,Oscar,10,88
8,09,Jim,24,339
8,09,Darryl,22,165
8,09,Andy,51,478
8,09,Robert,35,461
8,09,Ryan,2,30
8,09,Susan,44,391
8,09,Erin,7,45
8,09,Phyllis,3,24
8,09,Angela,2,7
8,09,Toby,3,15
8,09,Andy/Oscar,1,18
8,09,Kevin,1,8
8,09,Gabe,1,5
8,09,Kathy,1,2
8,10,Andy,74,701
8,10,Stanley,3,13
8,10,Meredith,18,134
8,10,Dwight,22,234
8,10,Jim,36,304
8,10,Creed,2,20
8,10,Kelly,7,59
8,10,Erin,35,292
8,10,Robert,22,263
8,10,Kevin,8,44
8,10,Oscar,7,20
8,10,Jessica,20,86
8,10,Darryl,9,95
8,10,Val,7,36
8,10,Nate,4,51
8,10,Ryan,10,48
8,10,Phyllis,7,29
8,10,Toby,4,29
8,10,Angela,2,16
8,10,Kathy,3,8
8,11,Kevin,16,89
8,11,All,2,3
8,11,Dwight,29,307
8,11,Oscar,17,201
8,11,Jim,17,139
8,11,Andy,38,491
8,11,Erin,6,32
8,11,Darryl,9,71
8,11,Angela,1,9
8,11,Receptionist,4,38
8,11,Gabe,19,203
8,11,Robert,13,335
8,11,Meredith,7,26
8,11,Phyllis,3,28
8,11,Stanley,4,27
8,11,Host,25,398
8,11,Creed,1,18
8,11,Cathy,1,7
8,11,Ryan,6,47
8,11,Kelly,6,75
8,11,Stu,1,3
8,11,Announcer,4,27
8,11,Einsteins,1,1
8,11,Group,1,1
8,12,Dwight,45,320
8,12,Stanley,5,35
8,12,Jim,17,162
8,12,Erin,46,300
8,12,Oscar,11,59
8,12,Robert,23,517
8,12,Andy,40,257
8,12,Kevin,8,71
8,12,Meredith,8,74
8,12,Angela,3,12
8,12,Cathy,3,17
8,12,Gabe,7,48
8,12,Ryan,10,81
8,12,Jessica,15,56
8,12,Darryl,7,60
8,12,Val,7,30
8,12,Toby,6,24
8,12,Kelly,5,47
8,12,All,2,6
8,12,Both,1,2
8,12,Phyllis,2,22
8,12,Kathy,1,4
8,13,Andy,41,470
8,13,Val,3,15
8,13,Erin,13,91
8,13,Jim,66,695
8,13,Phyllis,10,54
8,13,Dwight,47,584
8,13,Kevin,11,76
8,13,Darryl,11,104
8,13,Ryan,2,16
8,13,Oscar,23,193
8,13,Gabe,3,25
8,13,Meredith,1,13
8,13,Stanley,6,100
8,13,Toby,5,38
8,13,Angela,28,194
8,13,Ernesto,3,7
8,13,Nate,3,68
8,13,Creed,5,33
8,13,Pam,28,176
8,13,All,1,1
8,13,Cece,6,8
8,13,Kelly,2,21
8,13,Nurse,1,3
8,14,Jim,28,256
8,14,Pam,27,213
8,14,All,1,1
8,14,Andy,40,392
8,14,Phyllis,2,16
8,14,Stanley,5,64
8,14,Angela,8,114
8,14,Dwight,53,838
8,14,Kelly,7,60
8,14,Oscar,4,26
8,14,Group,2,3
8,14,Kevin,5,74
8,14,Erin,10,107
8,14,Darryl,19,124
8,14,Val,8,34
8,14,Nate,11,130
8,14,Kathy,2,33
8,14,Bob,4,45
8,14,Meredith,2,18
8,14,Ryan,10,165
8,14,Toby,2,15
8,15,Dwight,47,607
8,15,Erin,17,100
8,15,Stanley,12,102
8,15,Jim,28,251
8,15,Cathy,4,42
8,15,Saleswoman,1,4
8,15,Ryan,8,45
8,15,Andy,18,201
8,15,Creed,2,15
8,15,Darryl,4,80
8,15,Meredith,2,23
8,15,Oscar,1,9
8,15,Pam,10,87
8,15,Everyone,2,7
8,15,Kelly,3,35
8,15,Packer,14,124
8,15,Nellie,27,536
8,15,Paramedic,2,11
8,15,Kevin,1,19
8,16,Pam,13,127
8,16,Angela,8,35
8,16,Oscar,6,52
8,16,Angela/Pam,1,1
8,16,Nellie,24,245
8,16,Packer,9,62
8,16,Dwight,54,584
8,16,Jim,52,380
8,16,Cathy,27,220
8,16,Andy,17,188
8,16,Gabe,4,33
8,16,Ryan,17,126
8,16,Erin,18,137
8,16,Waitress,1,3
8,16,Kevin,4,25
8,16,Phyllis,4,30
8,16,Kelly,7,115
8,16,Darryl,13,81
8,16,Val,8,52
8,16,Brandon,12,82
8,16,Everyone,2,2
8,16,Stanley,5,25
8,17,Dwight,42,582
8,17,Ryan,17,258
8,17,Nellie,18,271
8,17,Jim,27,376
8,17,Cathy,3,14
8,17,Andy,22,300
8,17,Kevin,8,92
8,17,Kelly,9,111
8,17,Phyllis,2,18
8,17,Darryl,4,33
8,17,Meredith,3,20
8,17,Angela,9,46
8,17,Pam,10,74
8,17,Oscar,6,54
8,17,Man,1,2
8,17,Erin,5,57
8,17,Blogger,4,22
8,17,Toby,18,281
8,17,Creed,1,1
8,17,Everyone,1,2
8,17,Patty,1,1
8,17,Lady,5,54
8,17,Girl,4,22
8,17,Stanley,1,3
8,17,Crowd,2,2
8,17,Others,1,1
8,18,Andy,18,273
8,18,Everyone,1,4
8,18,Angela,3,17
8,18,Phyllis,5,29
8,18,Oscar,2,13
8,18,Creed,1,7
8,18,Dwight,37,373
8,18,Nellie,12,171
8,18,Jim,41,334
8,18,Darryl,22,233
8,18,Toby,15,131
8,18,Erin,12,97
8,18,Irene,6,60
8,18,Kevin,14,164
8,18,Gabe,1,13
8,18,Pam,7,71
8,18,Stanley,2,8
8,18,Kelly,3,73
8,18,Cathy,1,7
8,18,Ryan,2,9
8,19,Pam,14,131
8,19,Jim,34,261
8,19,Oscar,1,17
8,19,Kevin,7,49
8,19,Ryan,1,10
8,19,Dwight,16,121
8,19,Meredith,2,12
8,19,Darryl,7,15
8,19,Phyllis,3,17
8,19,Nellie,36,590
8,19,Toby,3,58
8,19,Erin,27,255
8,19,Alonzo,1,4
8,19,Robert,20,237
8,19,Andy,26,309
8,19,Irene,15,159
8,19,Glenn,4,24
8,19,Angela,1,17
8,19,Stanley,1,4
8,19,All,1,4
8,20,Pam,27,276
8,20,Jim,36,336
8,20,Phyllis,7,49
8,20,Oscar,11,109
8,20,Angela,8,82
8,20,Dwight,22,199
8,20,Gabe,2,12
8,20,Robert,18,204
8,20,Nellie,21,363
8,20,Kevin,2,6
8,20,Stanley,1,3
8,20,Andy,44,526
8,20,Erin,22,144
8,20,Lauren,11,96
8,20,Jessica,13,101
8,20,Megan,7,50
8,20,Darryl,1,28
8,20,Ryan,3,22
8,20,All,3,8
8,20,Kenny,5,20
8,20,Creed,1,6
8,20,Magician,10,172
8,20,Woman,1,2
8,20,Various,1,4
8,20,Hank,4,33
8,21,Darryl,4,45
8,21,Phyllis,5,35
8,21,Oscar,6,47
8,21,Pam,25,251
8,21,Jim,16,105
8,21,Andy,46,496
8,21,Erin,21,146
8,21,Kevin,8,52
8,21,Nellie,30,224
8,21,Ravi,1,38
8,21,Kelly,10,80
8,21,Ryan,25,385
8,21,Robert,14,178
8,21,Angela,6,19
8,21,Dwight,11,106
8,21,Creed,2,14
8,21,All,1,1
8,21,Gabe,4,57
8,21,Stanley,1,2
8,21,Toby,1,11
8,21,Nate,1,32
8,21,Wrangler,2,11
8,22,Ryan,15,198
8,22,Pam,22,166
8,22,Jim,22,189
8,22,Nellie,11,110
8,22,Dwight,11,157
8,22,Oscar,12,114
8,22,Darryl,13,72
8,22,Robert,13,189
8,22,Erin,7,73
8,22,Phyllis,1,11
8,22,Andy,34,460
8,22,Angela,2,18
8,22,Kevin,13,201
8,22,Creed,1,8
8,22,Senator,5,53
8,22,Meredith,1,5
8,22,Stanley,1,7
8,22,Waiter,2,10
8,22,David,4,49
8,22,Speaker,6,100
8,22,Vet,6,109
8,23,Gabe,9,115
8,23,Dwight,51,419
8,23,Jim,44,301
8,23,All,1,3
8,23,Robert,30,293
8,23,Andy,24,316
8,23,Erin,7,45
8,23,Stanley,1,5
8,23,Phyllis,1,12
8,23,Oscar,1,4
8,23,Nellie,13,141
8,23,Pam,22,134
8,23,Harry,25,283
8,23,Toby,5,46
8,23,Receptionist,4,22
8,23,Angela:,1,15
8,23,Phone,4,83
8,23,David,3,29
8,24,Oscar,10,122
8,24,Phyllis,5,22
8,24,Dwight,20,173
8,24,Kelly,4,50
8,24,Pam,22,113
8,24,Robert,14,252
8,24,Kevin,2,16
8,24,Jake,1,5
8,24,Angela,15,82
8,24,Darryl,12,142
8,24,Hide,2,6
8,24,Calvin,3,18
8,24,Andy,40,413
8,24,Jim,28,161
8,24,Gabe,2,10
8,24,Nellie,16,97
8,24,Creed,1,9
8,24,Photographer,2,8
8,24,Erin,8,96
8,24,Brandon,5,53
8,24,Val,4,9
8,24,Toby,4,41
8,24,Others,1,1
8,24,David,16,158
8,24,Stanley,1,6
8,24,Mose,2,7
8,24,Meredith,1,4
9,01,Doctor,1,11
9,01,Pam,17,139
9,01,Jim,14,132
9,01,Toby,7,100
9,01,Kelly,1,4
9,01,Off-camera,2,13
9,01,Clark,20,151
9,01,Stanley,2,15
9,01,Nellie,9,65
9,01,Meredith,2,11
9,01,Erin,1,17
9,01,Andy,25,326
9,01,Pete,11,67
9,01,Darryl,3,23
9,01,Dwight,31,288
9,01,Angela,13,159
9,01,Kevin,3,16
9,01,Oscar,6,31
9,01,David,1,10
9,01,Rafe,1,1
9,02,Kevin,9,69
9,02,Pam,27,326
9,02,Erin,28,241
9,02,Andy,30,283
9,02,Creed,2,17
9,02,Jim,31,226
9,02,Pete,10,84
9,02,Clark,20,268
9,02,Nellie,29,269
9,02,Roy,10,145
9,02,Darryl,8,60
9,02,Server,2,9
9,02,Stanley,1,3
9,02,Angela,6,51
9,02,Toby,5,28
9,02,Dwight,24,166
9,02,Kenny,1,16
9,02,Oscar,5,53
9,02,Phyllis,1,6
9,02,Meredith,1,15
9,03,Dwight,18,148
9,03,Voicemail,2,9
9,03,Pam,27,270
9,03,Erin,19,101
9,03,Darryl,27,205
9,03,Nellie,27,367
9,03,Andy,35,560
9,03,Pete,4,26
9,03,Clark,2,20
9,03,Jim,16,158
9,03,Oscar,7,103
9,03,Phyllis,3,33
9,03,Angela,2,8
9,03,Kevin,3,13
9,03,Meredith,1,6
9,04,Andy,40,434
9,04,Group,18,45
9,04,Kevin,15,102
9,04,Oscar,14,98
9,04,Dwight,33,452
9,04,Jim,54,524
9,04,Darryl,10,44
9,04,Phyllis,5,19
9,04,Stanley,10,59
9,04,Toby,2,14
9,04,Pam,27,170
9,04,Nellie,21,141
9,04,Meredith,5,27
9,04,Clark,11,50
9,04,Creed,2,8
9,04,Angela,3,25
9,04,Pete,2,8
9,04,Erin,8,93
9,05,Erin,21,151
9,05,Dwight,28,337
9,05,Jim,34,296
9,05,Pam,29,202
9,05,Andy,41,492
9,05,Angela,6,82
9,05,HCT,13,14
9,05,Darryl,6,41
9,05,Stanley,2,18
9,05,Clark,4,38
9,05,Meredith,5,31
9,05,Nellie,18,132
9,05,Pete,1,10
9,05,Oscar,3,16
9,05,Toby,5,19
9,05,All,1,1
9,05,Kevin,1,9
9,06,Andy,43,466
9,06,White,1,8
9,06,Pam,10,152
9,06,Jim,8,76
9,06,Oscar,19,152
9,06,Kevin,17,159
9,06,Creed,1,7
9,06,Meredith,3,37
9,06,Dwight,25,276
9,06,Darryl,4,34
9,06,Angela,11,105
9,06,Erin,37,295
9,06,Nellie,14,278
9,06,Pete,9,72
9,06,Toby,8,77
9,06,All,1,7
9,07,Andy,7,109
9,07,Everyone,2,2
9,07,Pam,42,393
9,07,Phyllis,13,155
9,07,Darryl,2,16
9,07,Erin,15,114
9,07,Dwight,49,570
9,07,David,6,84
9,07,Jim,19,173
9,07,Nellie,5,104
9,07,Meredith,4,28
9,07,Creed,1,3
9,07,Pete,9,53
9,07,Angela,20,190
9,07,Oscar,16,145
9,07,Kevin,1,6
9,07,Hank,2,8
9,07,Secretary,2,15
9,07,Jan,22,194
9,07,Molly,3,59
9,07,Clark,2,12
9,07,Colin,4,35
9,08,Oscar,18,170
9,08,Angela,50,388
9,08,Dwight,50,556
9,08,Pam,16,239
9,08,Meredith,8,37
9,08,Jim,25,294
9,08,David,3,37
9,08,Stanley,14,77
9,08,Kevin,14,95
9,08,Pete,18,195
9,08,Darryl,5,28
9,08,Trevor,20,185
9,08,Hide,3,11
9,08,Erin,5,52
9,08,Everyone,8,10
9,08,Creed,3,24
9,08,Waiter,2,11
9,08,Nellie,9,59
9,08,Phyllis,8,74
9,08,Toby,8,40
9,09,Jim,54,454
9,09,Pam,32,237
9,09,Dwight,53,783
9,09,Erin,22,210
9,09,Angela,10,55
9,09,Nellie,10,59
9,09,Kevin,12,116
9,09,Phyllis,10,127
9,09,Meredith,5,43
9,09,Stanley,5,26
9,09,Pete,22,205
9,09,Darryl,13,63
9,09,Toby,8,91
9,09,Oscar,5,62
9,10,Kevin,9,50
9,10,Jim,19,195
9,10,Darryl,11,135
9,10,Erin,22,280
9,10,Pam,37,367
9,10,Worker,1,3
9,10,Val,11,57
9,10,Meredith,16,191
9,10,Angela,14,93
9,10,Dwight,13,196
9,10,Oscar,9,34
9,10,Phyllis,8,58
9,10,Nellie,8,201
9,10,Stanley,3,21
9,10,Creed,3,25
9,10,Julius,7,61
9,10,Pete,5,34
9,10,Helene,2,41
9,10,Both,1,41
9,11,Dwight,35,520
9,11,Jim,16,213
9,11,Phyllis,6,24
9,11,Nellie,8,72
9,11,Darryl,16,200
9,11,Pam,19,254
9,11,Erin,7,107
9,11,Clark,32,374
9,11,Meredith,6,42
9,11,Oscar,18,138
9,11,Kevin,19,112
9,11,Pete,2,14
9,11,Angela,10,40
9,11,Everyone,1,5
9,11,Dennis,3,17
9,11,Wade,1,1
9,11,Stanley,2,26
9,11,Creed,2,8
9,12,Pam,40,437
9,12,Kevin,8,60
9,12,Dwight,36,449
9,12,Angela,5,58
9,12,Pete,11,82
9,12,Oscar,6,44
9,12,All,3,3
9,12,Nellie,20,239
9,12,Erin,14,156
9,12,Jim,27,430
9,12,Co-worker,3,33
9,12,Darryl,20,191
9,12,Cece,3,7
9,12,Phyllis,3,51
9,12,Clark,1,15
9,12,Stanley,1,7
9,12,Creed,2,6
9,12,Ballerinas,2,6
9,12,Audience,2,2
9,12,Meredith,2,14
9,12,Investor,1,10
9,12,Lonnie,2,15
9,12,Toby,5,62
9,12,Brian,5,39
9,12,Cameraman,1,1
9,12,Guy,3,31
9,13,Pam,21,123
9,13,Brian,7,62
9,13,Erin,2,8
9,13,Meredith,3,21
9,13,Clark,31,271
9,13,Dwight,67,784
9,13,Jim,39,505
9,13,Rolf,10,117
9,13,Trevor,8,99
9,13,Oscar,2,47
9,13,Darryl,1,5
9,13,Kevin,1,8
9,13,Mose,4,10
9,13,Gabor,2,16
9,13,Nate,2,63
9,13,Zeke,2,38
9,13,Melvina,4,58
9,13,Angela,1,19
9,13,Stanley,1,22
9,13,Nellie,3,45
9,13,Hide,3,43
9,13,Wolf,10,102
9,14,Nellie,8,81
9,14,Erin,6,41
9,14,Darryl,31,235
9,14,Angela,11,133
9,14,Kevin,5,86
9,14,Oscar,10,85
9,14,Jim,27,251
9,14,Pam,51,574
9,14,Dwight,31,398
9,14,Meredith,1,25
9,14,Creed,1,8
9,14,Phyllis,1,5
9,14,Frank,8,77
9,14,Glenn,1,5
9,14,Val,1,16
9,14,Nate,3,39
9,14,Senator,7,58
9,14,Toby,2,13
9,14,Clark,4,40
9,14,Brian,6,80
9,15,Pam,25,190
9,15,Jim,23,304
9,15,Erin,20,171
9,15,Pete,6,33
9,15,Dwight,27,242
9,15,Kevin,5,42
9,15,Nellie,6,111
9,15,Meredith,2,44
9,15,Phyllis,6,84
9,15,Stanley,1,16
9,15,Angela,4,56
9,15,Clark,8,103
9,15,Oscar,7,78
9,15,Darryl,1,16
9,15,Brian,9,153
9,15,Andy,54,673
9,15,Jan,8,72
9,16,Andy,74,932
9,16,David,15,62
9,16,Erin,31,245
9,16,Pam,47,362
9,16,Stanley,5,32
9,16,Phyllis,9,49
9,16,Dwight,42,481
9,16,Angela,39,210
9,16,Pete,37,254
9,16,Clark,8,50
9,16,Shirley,14,88
9,16,Oscar,6,104
9,16,Creed,3,15
9,16,Meredith,7,43
9,16,Darryl,5,45
9,16,Kevin,4,19
9,16,Jim,26,233
9,16,Isaac,3,22
9,16,Toby,12,143
9,16,Mark,17,494
9,16,Nellie,5,41
9,16,Roger,1,4
9,16,Alice,18,171
9,16,Gabe,19,228
9,17,Dwight,42,388
9,17,Erin,4,15
9,17,Pam,20,203
9,17,Jim,6,39
9,17,Phyllis,7,88
9,17,Kevin,11,68
9,17,Oscar,9,59
9,17,Mose,3,10
9,17,Zeke,7,36
9,17,Clark,5,45
9,17,Jeb,9,90
9,17,Fannie,14,104
9,17,Henry,3,35
9,17,Esther,2,15
9,17,Stanley,2,31
9,17,Nellie,2,24
9,17,Angela,7,29
9,17,Andy,5,64
9,17,Meredith,3,15
9,17,Cameron,8,47
9,17,Darryl,1,10
9,18,Pam,38,402
9,18,Clark,23,198
9,18,Dwight,36,389
9,18,Phyllis,6,31
9,18,Darryl,12,68
9,18,Meredith,2,30
9,18,Andy,7,71
9,18,Angela,25,227
9,18,Toby,2,56
9,18,Group,3,3
9,18,Oscar,26,165
9,18,Jim,28,208
9,18,Kevin,6,47
9,18,Erin,3,39
9,18,Nellie,4,46
9,18,Stanley,3,37
9,18,Pete,2,20
9,18,Salesmen,1,13
9,18,Brian,22,155
9,18,Esther,6,97
9,18,Senator,1,10
9,19,Stanley,19,162
9,19,Erin,6,62
9,19,Andy,24,367
9,19,Oscar,5,31
9,19,Phyllis,5,24
9,19,Dwight,50,641
9,19,Everyone,2,3
9,19,Nellie,11,99
9,19,Pam,4,29
9,19,Jim,11,122
9,19,Toby,13,139
9,19,Clark,35,209
9,19,Angela,2,21
9,19,Robert,7,154
9,19,Meredith,2,14
9,19,Kevin,5,54
9,19,Crowd,2,2
9,19,Pete,1,2
9,19,Creed,2,8
9,19,Man,3,14
9,19,Carla,7,77
9,19,Andy:,1,4
9,19,Todd,2,6
9,20,Erin,11,129
9,20,Toby,7,40
9,20,Clark,6,78
9,20,Pam,16,196
9,20,Andy,32,426
9,20,Darryl,8,69
9,20,Jim,15,222
9,20,Stanley,1,3
9,20,Oscar,2,14
9,20,Nellie,16,199
9,20,Robert,2,18
9,20,Dwight,17,141
9,20,Angela,10,55
9,20,Group,2,2
9,20,Phillip,1,1
9,20,Woman,3,35
9,20,Kevin,8,44
9,20,Director,12,104
9,20,Producer,5,41
9,20,Pete,3,12
9,20,Esther,5,73
9,20,Creed,1,18
9,21,Jim,55,466
9,21,Pam,29,142
9,21,Andy,56,790
9,21,Oscar,17,174
9,21,Angela,27,336
9,21,Kevin,10,88
9,21,Dwight,46,450
9,21,Erin,6,79
9,21,Clark,8,164
9,21,Pete,5,46
9,21,Darryl,11,130
9,21,Sensei,11,132
9,21,Nellie,5,117
9,21,Meredith,1,15
9,21,Creed,1,7
9,21,Phyllis,3,22
9,21,Toby,7,28
9,21,Stanley,2,18
9,22,Erin,20,157
9,22,Dwight,70,854
9,22,Philip,1,1
9,22,Oscar,24,205
9,22,Esther,3,23
9,22,Andy,39,504
9,22,Jim,79,922
9,22,Pam,31,206
9,22,Everyone,1,7
9,22,Angela,34,233
9,22,Casey,19,108
9,22,Kevin,25,150
9,22,Pete,4,11
9,22,Darryl,24,196
9,22,Glenn,1,7
9,22,Meredith,8,54
9,22,Clark,5,61
9,22,Soldier,1,21
9,22,Hank,1,2
9,22,Phyllis,6,43
9,22,Stanley,3,25
9,22,Phillip,3,3
9,22,Santigold,4,26
9,22,Creed,2,37
9,22,Bartender,4,25
9,23,Dwight,65,785
9,23,Man,3,18
9,23,Kevin,25,158
9,23,Stanley,4,35
9,23,Meredith,13,82
9,23,Pam,37,693
9,23,All,10,33
9,23,Oscar,12,84
9,23,Jim,54,481
9,23,Toby,9,49
9,23,Crowd,1,2
9,23,Angela,19,214
9,23,Phyllis,12,60
9,23,Malcolm,3,28
9,23,Zeke,1,4
9,23,Clark,3,23
9,23,Andy,22,261
9,23,Dakota,3,29
9,23,Nellie,5,57
9,23,Darryl,16,126
9,23,Guy,2,13
9,23,Rachel,3,19
9,23,Stripper,5,36
9,23,Erin,9,79
9,23,Jakey,4,18
9,23,Mose,2,10
9,23,Joan,5,58
9,23,Ed,2,15
9,23,Usher,1,4
9,23,Creed,2,17
9,23,Kelly,11,132
9,23,Ravi,6,61
9,23,Ryan,12,126
9,23,Minister,2,42
9,23,Val,3,21
9,23,Pete,1,5
9,23,Carol,1,8
9,23,Buyer,2,11
9,23,Woman,1,6
